class,file,name
0,data/train/3ce58221.jpg,w_0626e4d
1,data/train/358cf2ae.jpg,w_bf69a19
2,data/train/f185694a.jpg,w_efe57c7
3,data/train/0b23f8c1.jpg,w_32037e2
4,data/train/ee43f633.jpg,w_0308405
5,data/train/157008ac.jpg,w_6dc88a6
6,data/train/5001f92f.jpg,w_7a2dfd7
7,data/train/f6f80ece.jpg,w_6438b7d
8,data/train/34002a38.jpg,w_4404247
9,data/train/b591eaec.jpg,w_04c841c
10,data/train/d908b16f.jpg,w_814a588
11,data/train/31e9f9e1.jpg,w_7a9f3f6
12,data/train/2a68623a.jpg,w_17e592c
13,data/train/893beb43.jpg,w_0475042
14,data/train/415b1533.jpg,w_95aad92
15,data/train/acc2d6ae.jpg,w_49ae15d
16,data/train/00d6b82e.jpg,w_36a4e8b
17,data/train/9f5e5a56.jpg,w_e3f7187
18,data/train/3597fb8f.jpg,w_f51b4bc
19,data/train/0d06e4da.jpg,w_0853262
20,data/train/a380f5bf.jpg,w_2669d75
21,data/train/0aa7b03e.jpg,w_5f68f56
22,data/train/f80cf403.jpg,w_ca6a771
23,data/train/e4b176d3.jpg,w_30f095d
24,data/train/5d8bf1a1.jpg,w_733f161
25,data/train/45a157dc.jpg,w_046a210
26,data/train/9d70bd64.jpg,w_a2633d4
27,data/train/01496f0b.jpg,w_04c1951
28,data/train/4d01cf5d.jpg,w_39043c9
29,data/train/669745ef.jpg,w_93bf5f4
30,data/train/802823fa.jpg,w_2b8e175
31,data/train/5775c9f2.jpg,w_899f659
32,data/train/cbf613cc.jpg,w_d0cecd5
33,data/train/0e8ce258.jpg,w_9291cdf
34,data/train/f635d16e.jpg,w_f763429
35,data/train/1843c2ad.jpg,w_7b39dda
36,data/train/5eaa7198.jpg,w_d428980
37,data/train/b7ea436f.jpg,w_24ac53d
38,data/train/98ea4711.jpg,w_a2564cf
39,data/train/a68aee37.jpg,w_2018f6c
40,data/train/94c09e12.jpg,w_c55c9cd
41,data/train/0d8a9dda.jpg,w_8de6989
42,data/train/75d5ca2c.jpg,w_d2b4956
43,data/train/dcc140d5.jpg,w_8c23123
44,data/train/bc237ea2.jpg,w_9df0865
45,data/train/7bf2dc1a.jpg,w_c6372b8
46,data/train/768a1cf7.jpg,w_db0ad01
47,data/train/02529c95.jpg,w_69f4311
48,data/train/8642f75d.jpg,w_1ecfe96
49,data/train/44266b9e.jpg,w_a62f211
50,data/train/98116890.jpg,w_6247b2e
51,data/train/5045a008.jpg,w_7cfaa82
52,data/train/12371bd5.jpg,w_4cedbf8
53,data/train/765172c1.jpg,w_900f9eb
54,data/train/5766cf7e.jpg,w_651cbb7
55,data/train/da7dc669.jpg,w_24ad46c
56,data/train/9cf1d9da.jpg,w_661dacb
57,data/train/4bd6b6f9.jpg,w_b318111
58,data/train/260f1dcf.jpg,w_f1396bd
59,data/train/91f3f3bc.jpg,w_def505e
60,data/train/7051ee3b.jpg,w_7faebe3
61,data/train/9322314c.jpg,w_38bcd3e
62,data/train/0504d072.jpg,w_a71aa99
63,data/train/70f95ac9.jpg,w_e3f51ec
64,data/train/c9d44cde.jpg,w_62799b5
65,data/train/a219ec7d.jpg,w_23526cb
66,data/train/e1e95279.jpg,w_38e088a
67,data/train/7bfe36cc.jpg,w_27fc5d3
68,data/train/800a174d.jpg,w_e375961
69,data/train/8d8dd44c.jpg,w_c551c9d
70,data/train/2e509fbc.jpg,w_63d1ea6
71,data/train/a549a05f.jpg,w_d775542
72,data/train/bceefb07.jpg,w_da0372d
73,data/train/a1379a60.jpg,w_dbd28fa
74,data/train/bf64e1ab.jpg,w_1875b28
75,data/train/7d565397.jpg,w_ae1db8a
76,data/train/eff32f8a.jpg,w_4195fc3
77,data/train/377891df.jpg,w_71bfc77
78,data/train/7741345b.jpg,w_136337c
79,data/train/229d93a9.jpg,w_5dd4772
80,data/train/3f376424.jpg,w_8b6fd36
81,data/train/24451ede.jpg,w_35453e0
82,data/train/38b3274b.jpg,w_08d1ccd
83,data/train/3ee89ee2.jpg,w_f3d98bc
84,data/train/8e9c72a7.jpg,w_d80e1bc
85,data/train/9d56f8c3.jpg,w_84a13d3
86,data/train/df2c5c89.jpg,w_3e57104
87,data/train/7892609d.jpg,w_f79563e
88,data/train/9204832a.jpg,w_d1d8f98
89,data/train/c2f2d6ba.jpg,w_cc54cee
90,data/train/f488f33b.jpg,w_28fa29e
91,data/train/55adacee.jpg,w_7aaa569
92,data/train/19448604.jpg,w_3d2724b
93,data/train/4bb233c0.jpg,w_e8bce8a
94,data/train/e38aa868.jpg,w_8e3ebeb
95,data/train/5888e245.jpg,w_cf092f5
96,data/train/c6ab6e36.jpg,w_76b6f7c
97,data/train/4891d144.jpg,w_4b87cba
98,data/train/729f7ec3.jpg,w_20eb13c
99,data/train/91641ee3.jpg,w_c3684ba
100,data/train/b41c1a55.jpg,w_af5d11a
101,data/train/7d76ca97.jpg,w_37f17ad
102,data/train/4b5d5d84.jpg,w_76ebad6
103,data/train/02af1aa3.jpg,w_5624f08
104,data/train/26f628ca.jpg,w_88b5d47
105,data/train/115546d2.jpg,w_8114b1b
106,data/train/858dbfa3.jpg,w_6ddbb81
107,data/train/bfaf9e41.jpg,w_8e4abc9
108,data/train/6c03c555.jpg,w_6cef37c
109,data/train/f4059fba.jpg,w_83f0b3f
110,data/train/b6f93481.jpg,w_73e1d5b
111,data/train/06f3cbf8.jpg,w_fc433f7
112,data/train/1b643059.jpg,w_37a7f78
113,data/train/44dc9e60.jpg,w_49b425b
114,data/train/16173c54.jpg,w_9a1d8e7
115,data/train/db7f0032.jpg,w_8f3cb68
116,data/train/25e1fd5f.jpg,w_4be8a3e
117,data/train/88f719f3.jpg,w_02bb4cf
118,data/train/688a82b9.jpg,w_eaeb1f0
119,data/train/0b4e02f3.jpg,w_58c3bf9
120,data/train/68d47887.jpg,w_403f92f
121,data/train/82a0b320.jpg,w_3136deb
122,data/train/1170d81c.jpg,w_3ee8570
123,data/train/faac65ad.jpg,w_e10dff3
124,data/train/210756c2.jpg,w_238bbbf
125,data/train/e1baaf48.jpg,w_33c3ce1
126,data/train/f999659f.jpg,w_53549df
127,data/train/a7663de4.jpg,w_c4f3619
128,data/train/f6d4e394.jpg,w_2f97ce6
129,data/train/815718e9.jpg,w_3db53dc
130,data/train/cab76d3c.jpg,w_6b82ccc
131,data/train/237d10c9.jpg,w_cda4b05
132,data/train/7aa1ee70.jpg,w_587d2e3
133,data/train/93c8c60f.jpg,w_d52bc74
134,data/train/67d13532.jpg,w_4e7fc3e
135,data/train/2adf78d6.jpg,w_7ed0d17
136,data/train/9941474b.jpg,w_68b47a1
137,data/train/0727715c.jpg,w_aa7a302
138,data/train/d1f7fec7.jpg,w_1b1c32f
139,data/train/379345f1.jpg,w_1d17e8c
140,data/train/4ca5ea71.jpg,w_127f4c6
141,data/train/8afd06fb.jpg,w_2db01d5
142,data/train/6ff6bc5b.jpg,w_29fc831
143,data/train/86597042.jpg,w_c167245
144,data/train/fd137762.jpg,w_8968506
145,data/train/f01c79d1.jpg,w_dd0c2e0
146,data/train/1b2ed367.jpg,w_3b483d3
147,data/train/94e800b6.jpg,w_1609b19
148,data/train/7b738ee1.jpg,w_5c23454
149,data/train/77cfe137.jpg,w_4cba6b2
150,data/train/e90e1470.jpg,w_785f62b
151,data/train/571bb97d.jpg,w_cb9220b
152,data/train/853522c1.jpg,w_743209a
153,data/train/9d7c96c4.jpg,w_d708c5a
154,data/train/965cae0f.jpg,w_ab2d17a
155,data/train/c828665a.jpg,w_1f00cb7
156,data/train/90491b48.jpg,w_d148982
157,data/train/656381b5.jpg,w_33e7def
158,data/train/24802532.jpg,w_bd1c23d
159,data/train/16c8d597.jpg,w_5b1fa1d
160,data/train/025fd2ea.jpg,w_7276f4b
161,data/train/fc7a3fd6.jpg,w_7142b19
162,data/train/71cd1302.jpg,w_488cdd8
163,data/train/03d0f974.jpg,w_cf3c233
164,data/train/9d461f5d.jpg,w_930bc39
165,data/train/8cb194ed.jpg,w_3c27f42
166,data/train/416ccbf3.jpg,w_afe953f
167,data/train/77ff031a.jpg,w_ef6e6a9
168,data/train/ff2760bb.jpg,w_3c0bbac
169,data/train/cc979ad0.jpg,w_0899118
170,data/train/ac227451.jpg,w_8fac7da
171,data/train/6815396e.jpg,w_895c722
172,data/train/56ee0398.jpg,w_797e546
173,data/train/43f45ef3.jpg,w_53ed912
174,data/train/4e15d252.jpg,w_0cb6294
175,data/train/e28c66b7.jpg,w_d8f848c
176,data/train/07b7d9ca.jpg,w_d0e5d1d
177,data/train/d7535463.jpg,w_bc18612
178,data/train/47dfa82d.jpg,w_4863ed9
179,data/train/926ee758.jpg,w_050d056
180,data/train/f04221cb.jpg,w_f1457b5
181,data/train/0c290363.jpg,w_b29214f
182,data/train/85fa5664.jpg,w_26edeb8
183,data/train/2ff1d55b.jpg,w_1fd0d0e
184,data/train/d121d194.jpg,w_1029f4e
185,data/train/5207af07.jpg,w_b05c57f
186,data/train/660e39f4.jpg,w_92be3ca
187,data/train/801ae908.jpg,w_9e1e278
188,data/train/883f3fbe.jpg,w_c5e6997
189,data/train/3b1672ac.jpg,w_fe424c3
190,data/train/b915eeca.jpg,w_4114553
191,data/train/d97eb019.jpg,w_d20befa
192,data/train/6b4d1869.jpg,w_72d5b6c
193,data/train/c0670486.jpg,w_a8bc2bc
194,data/train/ce6d660a.jpg,w_b7fe199
195,data/train/0fbba784.jpg,w_690fc6b
196,data/train/41f65e51.jpg,w_a9dd349
197,data/train/9bfc52f0.jpg,w_7de72c5
198,data/train/1a3fdc18.jpg,w_c068ed3
199,data/train/72bd91d0.jpg,w_bbd9409
200,data/train/6740e008.jpg,w_be20b46
201,data/train/e7c1c10f.jpg,w_def715a
202,data/train/b27a43e7.jpg,w_0a91f24
203,data/train/770d66d1.jpg,w_0324b97
204,data/train/b8587dc9.jpg,w_2111212
205,data/train/33601fbc.jpg,w_701972b
206,data/train/07c0c8c2.jpg,w_ec354a5
207,data/train/5ef59d14.jpg,w_2cde7c0
208,data/train/bddb6363.jpg,w_83034c7
209,data/train/569a857d.jpg,w_15427c3
210,data/train/f35e1bb3.jpg,w_8b1ca89
211,data/train/480eb68b.jpg,w_75780a0
212,data/train/ae96b162.jpg,w_43340c5
213,data/train/df70e982.jpg,w_76390b4
214,data/train/ac6e1b83.jpg,w_8b2cc42
215,data/train/b987724d.jpg,w_dbf4e7f
216,data/train/5d459f77.jpg,w_2ffed9c
217,data/train/b0c7c806.jpg,w_667833e
218,data/train/4f340f53.jpg,w_351a1e1
219,data/train/b644e786.jpg,w_92c7ace
220,data/train/20371455.jpg,w_e8c35dc
221,data/train/5d15f294.jpg,w_532e2cc
222,data/train/24687508.jpg,w_9a967cb
223,data/train/07992508.jpg,w_0466071
224,data/train/e8593d71.jpg,w_076c122
225,data/train/58148970.jpg,w_6abc013
226,data/train/50940ff1.jpg,w_009dc00
227,data/train/6e3b95b7.jpg,w_471cca4
228,data/train/ee7ce585.jpg,w_1d37fb6
229,data/train/86bf0251.jpg,w_33909b8
230,data/train/f36d8486.jpg,w_2c46a73
231,data/train/7661d45e.jpg,w_6a2c07f
232,data/train/5d6849ba.jpg,w_85b0d73
233,data/train/2d82d135.jpg,w_15928c6
234,data/train/3ae57655.jpg,w_b4d182b
235,data/train/398ca0ad.jpg,w_7e4d894
236,data/train/cd4d5454.jpg,w_2eabd5a
237,data/train/3f54e6ce.jpg,w_cad1a8d
238,data/train/8bb52b4c.jpg,w_af9a47a
239,data/train/40e1ce50.jpg,w_fdf60bb
240,data/train/2dc59568.jpg,w_b939998
241,data/train/c01d38e2.jpg,w_a38d1a3
242,data/train/735c1474.jpg,w_b6ed5d2
243,data/train/d2bf3e2f.jpg,w_0bd3671
244,data/train/de5c4881.jpg,w_a93c8f9
245,data/train/39013bb2.jpg,w_16d1b32
246,data/train/d04de9fc.jpg,w_53f79bc
247,data/train/0b02fbcd.jpg,w_0e96943
248,data/train/bfb5491a.jpg,w_ae0ab55
249,data/train/1a7b5ef5.jpg,w_c053b99
250,data/train/e145eb19.jpg,w_daf1085
251,data/train/bcfc650a.jpg,w_5d96ba4
252,data/train/8b77f5ac.jpg,w_1dc6d62
253,data/train/33c7a0ee.jpg,w_0d8fb3f
254,data/train/5b01f303.jpg,w_9d136ff
255,data/train/971839d6.jpg,w_c3aaa3a
256,data/train/3fcf2404.jpg,w_fd587bc
257,data/train/5a1a5598.jpg,w_4848a3c
258,data/train/9760204e.jpg,w_8e92130
259,data/train/b5b2edc6.jpg,w_e93d181
260,data/train/a8a0e648.jpg,w_d915632
261,data/train/2379ef58.jpg,w_c751211
262,data/train/75fcff8c.jpg,w_ad6edbe
263,data/train/dba58da5.jpg,w_2dcbf82
264,data/train/fa2f0694.jpg,w_686408a
265,data/train/977ca1a7.jpg,w_ccca0db
266,data/train/ca962d7c.jpg,w_0d2dc7e
267,data/train/da5b3e82.jpg,w_dee6441
268,data/train/d80bd190.jpg,w_ce7c6c0
269,data/train/7fab4ec5.jpg,w_7e49f1e
270,data/train/f06db708.jpg,w_16ea0b2
271,data/train/163978d6.jpg,w_b0b275e
272,data/train/32f027c4.jpg,w_62c548b
273,data/train/a9829927.jpg,w_e6ddfe1
274,data/train/0629271e.jpg,w_65e2424
275,data/train/d2918741.jpg,w_c5d7c03
276,data/train/43fafa57.jpg,w_8a66718
277,data/train/a2e40eab.jpg,w_c34afd7
278,data/train/686c82d6.jpg,w_898bb9a
279,data/train/dbeae99c.jpg,w_d2324e2
280,data/train/a777889a.jpg,w_17411dd
281,data/train/7248531c.jpg,w_4f38350
282,data/train/f86ce718.jpg,w_73c9ba2
283,data/train/4c2c4a8c.jpg,w_3023ee5
284,data/train/8a7e268a.jpg,w_c786765
285,data/train/a18427a1.jpg,w_288e40b
286,data/train/617e87be.jpg,w_338d945
287,data/train/a8f5d9ba.jpg,w_b08520c
288,data/train/cef9cdfd.jpg,w_d4bc10d
289,data/train/ef63286c.jpg,w_4c4c001
290,data/train/d6817c8d.jpg,w_a25d46c
291,data/train/b7f01086.jpg,w_3039e7a
292,data/train/fc3a76f2.jpg,w_ba0d756
293,data/train/f111c18f.jpg,w_29f00ae
294,data/train/78a52113.jpg,w_4d98ef7
295,data/train/48317251.jpg,w_70b9e55
296,data/train/7081602e.jpg,w_a074c7e
297,data/train/a7d3d096.jpg,w_7c9fd46
298,data/train/eef1c346.jpg,w_afbc150
299,data/train/75efebe5.jpg,w_153645e
300,data/train/c38f3a11.jpg,w_c3ff6f2
301,data/train/458011b4.jpg,w_ec87420
302,data/train/8b474833.jpg,w_f0af1f8
303,data/train/7b265e79.jpg,w_4cff2f8
304,data/train/1cbcf07b.jpg,w_d6255a4
305,data/train/58d7343f.jpg,w_09f9fd3
306,data/train/3a0bfeb8.jpg,w_bbad9a2
307,data/train/7e7fd553.jpg,w_19c29aa
308,data/train/7658706a.jpg,w_4b95330
309,data/train/67d9d0fa.jpg,w_1cca86d
310,data/train/a004a17b.jpg,w_3608443
311,data/train/4746ead1.jpg,w_60eba40
312,data/train/3c3ac9cc.jpg,w_1904e8c
313,data/train/27229cd9.jpg,w_e0bbddc
314,data/train/d2dec0d8.jpg,w_e98432b
315,data/train/ad24a59c.jpg,w_aed023d
316,data/train/25883b2c.jpg,w_ca4ca6f
317,data/train/06b62519.jpg,w_5dc1c2d
318,data/train/85c78d26.jpg,w_d053be5
319,data/train/c8d35a5f.jpg,w_559ce61
320,data/train/ace45792.jpg,w_c529cf1
321,data/train/6b13c112.jpg,w_3947b78
322,data/train/c7c37991.jpg,w_5d6786e
323,data/train/32b6748b.jpg,w_ffbd74c
324,data/train/928e71a4.jpg,w_5e43abb
325,data/train/793e50a9.jpg,w_acff672
326,data/train/60955a65.jpg,w_cd04e1c
327,data/train/e9eb37ae.jpg,w_5021993
328,data/train/2ff5f524.jpg,w_212b985
329,data/train/b19b448b.jpg,w_c9dc73e
330,data/train/73ab7027.jpg,w_6dd7c3d
331,data/train/db794493.jpg,w_556e001
332,data/train/583107f1.jpg,w_a190b3b
333,data/train/e42546ce.jpg,w_0dee306
334,data/train/af759290.jpg,w_1c2fb13
335,data/train/33374e14.jpg,w_2850471
336,data/train/dee277d6.jpg,w_5c0e858
337,data/train/0ccdded0.jpg,w_c103b25
338,data/train/93e38b2a.jpg,w_7248590
339,data/train/376a445e.jpg,w_43966a3
340,data/train/e9b1391c.jpg,w_4e54fac
341,data/train/26bad41f.jpg,w_1f09cdd
342,data/train/6337205f.jpg,w_c0560ac
343,data/train/c896b531.jpg,w_2cca6a1
344,data/train/7b716e01.jpg,w_8a438a4
345,data/train/5237fe9f.jpg,w_97666c8
346,data/train/d269af81.jpg,w_ed3bd5b
347,data/train/76db543d.jpg,w_38954da
348,data/train/4610e733.jpg,w_a58f64d
349,data/train/22d1921e.jpg,w_452400e
350,data/train/9d7f50b3.jpg,w_0087fdd
351,data/train/0fb2525d.jpg,w_0ee4d6d
352,data/train/b7d8d4c2.jpg,w_2d09595
353,data/train/f903ad50.jpg,w_19e5d10
354,data/train/a6ed653c.jpg,w_cc504e7
355,data/train/b50c1e4b.jpg,w_bb37d93
356,data/train/c444257e.jpg,w_084d01c
357,data/train/89f93a9a.jpg,w_2c0af5e
358,data/train/87caa284.jpg,w_eeb5fa7
359,data/train/55a3e8e7.jpg,w_ccb4adc
360,data/train/66a597cf.jpg,w_498bf0d
361,data/train/5122d0c7.jpg,w_fa96a3d
362,data/train/46f430d2.jpg,w_6719a5b
363,data/train/cc1f7ab3.jpg,w_c20f21c
364,data/train/8ba28ad0.jpg,w_3c4062e
365,data/train/209c6374.jpg,w_19f7a8b
366,data/train/03f8cf5a.jpg,w_b8f8e69
367,data/train/c3782785.jpg,w_e73c666
368,data/train/cc1d5b4e.jpg,w_79185c2
369,data/train/b8ccdcd8.jpg,w_f4ac89a
370,data/train/9fb86f5f.jpg,w_ef52dd3
371,data/train/8fd09177.jpg,w_4b1fad6
372,data/train/557c8874.jpg,w_ffb4e3d
373,data/train/d6c64ee5.jpg,w_fc15159
374,data/train/c5fd7c1d.jpg,w_3bc8a47
375,data/train/d07bb837.jpg,w_505a141
376,data/train/55d92c5c.jpg,w_5b672ea
377,data/train/6b2ac325.jpg,w_6a87d0d
378,data/train/d9fc6dfd.jpg,w_93b64e9
379,data/train/0a29c0d2.jpg,w_7e5cc5e
380,data/train/5836ee51.jpg,w_8cf18ac
381,data/train/1e2fb8b8.jpg,w_9f1fafb
382,data/train/a95dc9be.jpg,w_d94db94
383,data/train/13357a9c.jpg,w_a19eecd
384,data/train/dbcdd8b1.jpg,w_f9a09c6
385,data/train/542468a4.jpg,w_776ba6e
386,data/train/a6cfa592.jpg,w_c9dfa13
387,data/train/fa642aad.jpg,w_026fdf8
388,data/train/60b08846.jpg,w_fb7a56b
389,data/train/0e87967f.jpg,w_330f897
390,data/train/c60f6b28.jpg,w_223cebd
391,data/train/c6c93020.jpg,w_156c0db
392,data/train/7b73ccfc.jpg,w_599d0df
393,data/train/5658358d.jpg,w_7bf3a5c
394,data/train/687364d8.jpg,w_7c18f3c
395,data/train/4c70672d.jpg,w_c2c4f43
396,data/train/870e3710.jpg,w_f69889f
397,data/train/5cb8a098.jpg,w_a687e28
398,data/train/2381de2f.jpg,w_b1d6681
399,data/train/ccf8ae42.jpg,w_8f593d4
400,data/train/edab6020.jpg,w_cc3a724
401,data/train/175fbeb3.jpg,w_fed0031
402,data/train/26b401db.jpg,w_7b1686d
403,data/train/9bd498e5.jpg,w_61b87f9
404,data/train/c09e31f9.jpg,w_70b4610
405,data/train/5986e9ea.jpg,w_afef556
406,data/train/16fb9842.jpg,w_41f0a7e
407,data/train/4b7a10a8.jpg,w_afc7d61
408,data/train/7722dced.jpg,w_010a1fa
409,data/train/7928352b.jpg,w_b48535f
410,data/train/0db4410f.jpg,w_ba39446
411,data/train/f5148700.jpg,w_be3c0f5
412,data/train/72c79457.jpg,w_9dfbd27
413,data/train/28b0eb16.jpg,w_4f37147
414,data/train/a2fbe200.jpg,w_38a3f72
415,data/train/ae54266a.jpg,w_f099dc8
416,data/train/1dabe774.jpg,w_f1b565a
417,data/train/d963ea87.jpg,w_a846944
418,data/train/380ea7b2.jpg,w_fcfcf68
419,data/train/cc9d5dac.jpg,w_46e45e6
420,data/train/31308bd7.jpg,w_1ec267f
421,data/train/057644d1.jpg,w_7c6ad05
422,data/train/25e07b50.jpg,w_a1e017f
423,data/train/5ac3bd0e.jpg,w_b648329
424,data/train/fb55240e.jpg,w_53baa9b
425,data/train/39daebca.jpg,w_78a6f56
426,data/train/aa7da60b.jpg,w_612f4a2
427,data/train/b1d0ebd5.jpg,w_c01e25d
428,data/train/6fc67854.jpg,w_d09e61a
429,data/train/caa11fe3.jpg,w_a155149
430,data/train/b45e909d.jpg,w_7923fdc
431,data/train/c8c79ef8.jpg,w_29d2cec
432,data/train/4c65a798.jpg,w_0b3b659
433,data/train/b8ce0904.jpg,w_fae2cb6
434,data/train/c4ade986.jpg,w_7c91fa7
435,data/train/bb4480e0.jpg,w_80245ee
436,data/train/ac8135b9.jpg,w_3572e7e
437,data/train/7e9a738f.jpg,w_3349c9d
438,data/train/fc408b0a.jpg,w_6c3d086
439,data/train/08d31d59.jpg,w_40e3ee7
440,data/train/c3961fe9.jpg,w_f6722e7
441,data/train/b0edc8b7.jpg,w_c9111ac
442,data/train/dee7a685.jpg,w_40cc259
443,data/train/5435f641.jpg,w_85755f7
444,data/train/fa0018fc.jpg,w_0378699
445,data/train/5270801c.jpg,w_73b26b7
446,data/train/2917ea35.jpg,w_1431f4b
447,data/train/8d786ab8.jpg,w_05b2ddd
448,data/train/15491352.jpg,w_f369a80
449,data/train/736c9b9b.jpg,w_f75302f
450,data/train/195db58f.jpg,w_ed5a7c6
451,data/train/127c3878.jpg,w_ed117b3
452,data/train/3a48cb6c.jpg,w_ffcd98e
453,data/train/0fddb687.jpg,w_01a51a6
454,data/train/d1388408.jpg,w_5007db3
455,data/train/54b5eb53.jpg,w_dace6e9
456,data/train/3211e4c2.jpg,w_4d358e5
457,data/train/3e91ad0d.jpg,w_8a4b8ef
458,data/train/a623516c.jpg,w_cc60002
459,data/train/b3c2ee70.jpg,w_3c0e79e
460,data/train/1eaa1e06.jpg,w_2901dbf
461,data/train/91ed850e.jpg,w_23e4e61
462,data/train/070e6c95.jpg,w_15d7ecf
463,data/train/c0735707.jpg,w_2f07b15
464,data/train/33c25291.jpg,w_a232f9e
465,data/train/5f4981de.jpg,w_3d187b5
466,data/train/ea999934.jpg,w_0c42dba
467,data/train/980ec8e0.jpg,w_895007f
468,data/train/e4d27acf.jpg,w_073f071
469,data/train/685b0d55.jpg,w_bc76fde
470,data/train/8b6375eb.jpg,w_e86cf21
471,data/train/1a36b244.jpg,w_9621342
472,data/train/54757a0f.jpg,w_33032d1
473,data/train/a987e32d.jpg,w_8bc853a
474,data/train/814dc347.jpg,w_b38374a
475,data/train/75dca568.jpg,w_9f3e4f4
476,data/train/994cc34f.jpg,w_1b1c4f1
477,data/train/8f6a1d0d.jpg,w_6549107
478,data/train/2c0a0c86.jpg,w_2c68b75
479,data/train/9fec01e1.jpg,w_c71bf0e
480,data/train/9fb98007.jpg,w_0fecdf7
481,data/train/814d89e7.jpg,w_f2eb971
482,data/train/0e241828.jpg,w_ab161f7
483,data/train/94fdd35d.jpg,w_703e39b
484,data/train/271cd883.jpg,w_c8d20aa
485,data/train/52890396.jpg,w_c8728f4
486,data/train/5e60c021.jpg,w_8f7b653
487,data/train/df155226.jpg,w_f229b69
488,data/train/45bd12c9.jpg,w_2709cfc
489,data/train/6ebcb1dd.jpg,w_22bb9b3
490,data/train/b8016a88.jpg,w_b6d09e6
491,data/train/5ac4811d.jpg,w_17d5eb9
492,data/train/5efae38d.jpg,w_f2e9055
493,data/train/079e4dad.jpg,w_2486665
494,data/train/0cdc3e24.jpg,w_b6a95e0
495,data/train/ead4661b.jpg,w_77f3e70
496,data/train/ba1f8135.jpg,w_7f199c6
497,data/train/a2b23647.jpg,w_8dddd45
498,data/train/c818a11a.jpg,w_7f1f97b
499,data/train/f34e0f72.jpg,w_cc1f8bc
500,data/train/b95caf86.jpg,w_3461d6d
501,data/train/93da826b.jpg,w_24212f5
502,data/train/4b910022.jpg,w_3f365f3
503,data/train/1420c4a3.jpg,w_e55a554
504,data/train/0d21dc39.jpg,w_8a3449f
505,data/train/2e0f019b.jpg,w_0337aa5
506,data/train/492df8b4.jpg,w_6ba46a1
507,data/train/fb530edf.jpg,w_0f92544
508,data/train/ab9d8b8d.jpg,w_aed1e43
509,data/train/825cdfac.jpg,w_8a2e496
510,data/train/333c9ff8.jpg,w_b3cc032
511,data/train/e622bdb3.jpg,w_e430ce0
512,data/train/3a1c10e6.jpg,w_c663985
513,data/train/84f958c2.jpg,w_accd48e
514,data/train/451f293e.jpg,w_3e73d8a
515,data/train/2d325acf.jpg,w_f790728
516,data/train/2c3a88e9.jpg,w_8eb63b7
517,data/train/2f2e80a5.jpg,w_5810973
518,data/train/2f362526.jpg,w_f803b29
519,data/train/dd141b57.jpg,w_3eaef21
520,data/train/4227fffe.jpg,w_4d528e4
521,data/train/f4f5363c.jpg,w_3de676c
522,data/train/9d4c1382.jpg,w_24a2923
523,data/train/2e87bebd.jpg,w_e594616
524,data/train/22a12321.jpg,w_011d4b5
525,data/train/48773642.jpg,w_551f5ca
526,data/train/5546c5d3.jpg,w_59866ca
527,data/train/449ee735.jpg,w_7394d75
528,data/train/6aaf0bf6.jpg,w_e62680c
529,data/train/fcb09150.jpg,w_52a081c
530,data/train/4b6cee90.jpg,w_bd1dbed
531,data/train/4a986602.jpg,w_f87b77b
532,data/train/dca11322.jpg,w_339c8ae
533,data/train/cf839e92.jpg,w_8d9c6fc
534,data/train/605f648b.jpg,w_2168ae2
535,data/train/900663a3.jpg,w_fe6617a
536,data/train/4f470496.jpg,w_07616fd
537,data/train/221a5122.jpg,w_f792125
538,data/train/2fc74176.jpg,w_d2f7b3c
539,data/train/fea38b0a.jpg,w_d3ed80e
540,data/train/4214d0bb.jpg,w_82c9c67
541,data/train/75e691a0.jpg,w_88d11b1
542,data/train/61ee552a.jpg,w_11b993a
543,data/train/02a66def.jpg,w_b14007c
544,data/train/2f199604.jpg,w_c84551d
545,data/train/35748783.jpg,w_e74980b
546,data/train/10ca2e75.jpg,w_f03ca16
547,data/train/688aa961.jpg,w_8327e8d
548,data/train/abf5b004.jpg,w_f178867
549,data/train/f0411154.jpg,w_326e389
550,data/train/6a91f5d6.jpg,w_8e25bfa
551,data/train/1687ffe0.jpg,w_cb5ea24
552,data/train/aa48afa1.jpg,w_064ab78
553,data/train/427cb01b.jpg,w_e0818df
554,data/train/51166a0b.jpg,w_ca94288
555,data/train/4dd18c85.jpg,w_8f50a1f
556,data/train/6e36d7b7.jpg,w_a779e16
557,data/train/a70a8d24.jpg,w_7b5a630
558,data/train/a64a16a0.jpg,w_1f2a32a
559,data/train/898ad96c.jpg,w_d465e44
560,data/train/c31fdcf2.jpg,w_16f61aa
561,data/train/04aaf2f9.jpg,w_3dd1a87
562,data/train/5272e5c3.jpg,w_5af463d
563,data/train/ce4b28f1.jpg,w_e05ee50
564,data/train/bd5f8c8b.jpg,w_becdfdc
565,data/train/47982679.jpg,w_29eb3b2
566,data/train/f2cf3e3f.jpg,w_c352046
567,data/train/3c881559.jpg,w_24e2654
568,data/train/b2288bfd.jpg,w_b96c08e
569,data/train/b2824bbc.jpg,w_b5dd5bc
570,data/train/613e6d76.jpg,w_1969a9d
571,data/train/5be21487.jpg,w_fb72090
572,data/train/dff7f10b.jpg,w_56f9abb
573,data/train/acad0b26.jpg,w_7292419
574,data/train/ff0df395.jpg,w_40a8760
575,data/train/f3e3e22a.jpg,w_10ace22
576,data/train/c7dcc032.jpg,w_4af3e4e
577,data/train/39172a3c.jpg,w_f4fc8cc
578,data/train/9f7b4a26.jpg,w_1539fee
579,data/train/b1b9f9b9.jpg,w_d1917df
580,data/train/82ca05c1.jpg,w_2963114
581,data/train/3b03ab17.jpg,w_293b5e4
582,data/train/1bc51d67.jpg,w_7d819df
583,data/train/64e37c79.jpg,w_6ee7470
584,data/train/0014cfdf.jpg,w_f22f3e3
585,data/train/3fed5a16.jpg,w_79cde72
586,data/train/e48ccf08.jpg,w_979dc10
587,data/train/bf53fcf1.jpg,w_966e86e
588,data/train/34de5d3f.jpg,w_89dcef1
589,data/train/2560347c.jpg,w_fe2742d
590,data/train/e51d0726.jpg,w_6b3402d
591,data/train/332f1c08.jpg,w_65139e4
592,data/train/acfc4652.jpg,w_fb8ca1e
593,data/train/6b02f6df.jpg,w_2b0028d
594,data/train/1d35c098.jpg,w_5a2075e
595,data/train/6f7e4d48.jpg,w_19aeb9c
596,data/train/7b748671.jpg,w_e3b2cfa
597,data/train/9aa693d3.jpg,w_030294d
598,data/train/b168c594.jpg,w_0467840
599,data/train/04d69405.jpg,w_1894a1c
600,data/train/65322a65.jpg,w_0f20cbc
601,data/train/1096053c.jpg,w_09dd18c
602,data/train/7b2ab7f3.jpg,w_5b2bb99
603,data/train/5f04aa46.jpg,w_69e88da
604,data/train/6e8a2e30.jpg,w_b1f6e70
605,data/train/40303bdf.jpg,w_a2b8172
606,data/train/e56e10cd.jpg,w_56743d6
607,data/train/7e713402.jpg,w_a14d6d8
608,data/train/e13d0f5e.jpg,w_a866824
609,data/train/90e72db7.jpg,w_af98182
610,data/train/dd0ef9e1.jpg,w_37374fa
611,data/train/0ca843f9.jpg,w_5a0d250
612,data/train/cbc0606f.jpg,w_82e0d98
613,data/train/d58742d5.jpg,w_2b28681
614,data/train/745fe5b7.jpg,w_4dfe7cb
615,data/train/505aa90f.jpg,w_4bf5a06
616,data/train/73d6148c.jpg,w_964c1b3
617,data/train/1abda109.jpg,w_d3f5be3
618,data/train/f3062391.jpg,w_82ec5f0
619,data/train/875ec073.jpg,w_9a4bd76
620,data/train/985c9b9a.jpg,w_3d12652
621,data/train/12a82ad7.jpg,w_0869575
622,data/train/dcb33271.jpg,w_17370ba
623,data/train/d4933254.jpg,w_f746a73
624,data/train/0354d93d.jpg,w_1d2fbc1
625,data/train/7a9792d5.jpg,w_22f0a7d
626,data/train/4b4195d9.jpg,w_1facad2
627,data/train/13803f71.jpg,w_bf3449f
628,data/train/dc9e9798.jpg,w_46a4137
629,data/train/f65bc688.jpg,w_c02ac49
630,data/train/66c3cb0f.jpg,w_ed8a846
631,data/train/69756bf3.jpg,w_3f91e04
632,data/train/c44e6708.jpg,w_1a4f16e
633,data/train/78170ac0.jpg,w_f0a2e40
634,data/train/7a730b50.jpg,w_5e04db0
635,data/train/45147d9a.jpg,w_7ab1759
636,data/train/e7d7e0c3.jpg,w_865c2ba
637,data/train/422d9bfd.jpg,w_3e0f25d
638,data/train/6c337bcb.jpg,w_e282300
639,data/train/617633ad.jpg,w_56f2b1e
640,data/train/299a4820.jpg,w_1deadd7
641,data/train/3f846b99.jpg,w_95c7d1b
642,data/train/b119344f.jpg,w_3e26a99
643,data/train/05510761.jpg,w_0f54cdf
644,data/train/850769a4.jpg,w_7f999ff
645,data/train/31b765e9.jpg,w_232e5bd
646,data/train/68bd9c27.jpg,w_3fe1eb9
647,data/train/0aef7efd.jpg,w_02c2248
648,data/train/6a28c69c.jpg,w_05567a9
649,data/train/7d54fdc9.jpg,w_552ec4e
650,data/train/7fe54a29.jpg,w_9b098ea
651,data/train/3eff65e0.jpg,w_61cf42e
652,data/train/3bc2a5ca.jpg,w_e80641a
653,data/train/4b972b68.jpg,w_e2e56e9
654,data/train/7bf16f51.jpg,w_aa9b995
655,data/train/68edd063.jpg,w_0ae998f
656,data/train/8784ff9f.jpg,w_5f5ef4e
657,data/train/a27f8a9b.jpg,w_5c32d2a
658,data/train/115979f2.jpg,w_7f6ce8e
659,data/train/c9eb013e.jpg,w_dff77b6
660,data/train/67467122.jpg,w_7bda16b
661,data/train/650534e6.jpg,w_7427ace
662,data/train/126e4422.jpg,w_e59a1f0
663,data/train/2963be56.jpg,w_490b224
664,data/train/800ad4ec.jpg,w_ea4935f
665,data/train/d07caeef.jpg,w_d635930
666,data/train/f86961f8.jpg,w_9438980
667,data/train/37904da1.jpg,w_578a509
668,data/train/608c2113.jpg,w_17b33ae
669,data/train/4429a5b5.jpg,w_05396d8
670,data/train/2deed396.jpg,w_e41f2fa
671,data/train/e38d0d14.jpg,w_2c75202
672,data/train/cdbec596.jpg,w_b4151b7
673,data/train/4ef6382a.jpg,w_e0f6444
674,data/train/0042ea34.jpg,w_968f2ca
675,data/train/72a43282.jpg,w_ef99fe9
676,data/train/6154c6b6.jpg,w_3664a22
677,data/train/7166c50f.jpg,w_fd698a3
678,data/train/9621bf75.jpg,w_c87c10b
679,data/train/a318a2a6.jpg,w_efbb71a
680,data/train/6c9e6557.jpg,w_72dfe51
681,data/train/3054d682.jpg,w_0acce53
682,data/train/84efba34.jpg,w_c99f5ef
683,data/train/e05174ed.jpg,w_7895123
684,data/train/97baae4e.jpg,w_09d654f
685,data/train/f2a4a275.jpg,w_c94f464
686,data/train/2254e7b5.jpg,w_059df09
687,data/train/17fd7b47.jpg,w_871b1b9
688,data/train/cca06b1e.jpg,w_589b830
689,data/train/b83067fb.jpg,w_fd3ce71
690,data/train/51efc58e.jpg,w_520d618
691,data/train/3a33292c.jpg,w_541b160
692,data/train/ae023595.jpg,w_f53deac
693,data/train/f74a0b91.jpg,w_ed69e9c
694,data/train/b7082406.jpg,w_625a6a9
695,data/train/fb952a85.jpg,w_febafc1
696,data/train/8094f11f.jpg,w_1703ee5
697,data/train/b27e9470.jpg,w_af6c7e2
698,data/train/63e23dde.jpg,w_7179c98
699,data/train/e68fe272.jpg,w_331df94
700,data/train/7b4f1867.jpg,w_b2ba967
701,data/train/6638fd60.jpg,w_26dd948
702,data/train/f5174370.jpg,w_17cb04d
703,data/train/5ed4dd87.jpg,w_92c6140
704,data/train/7b013fb0.jpg,w_8c3db0a
705,data/train/ed0f2df1.jpg,w_c7b05e7
706,data/train/c16d3204.jpg,w_56b9dcd
707,data/train/385db387.jpg,w_80b1c48
708,data/train/ba22dc48.jpg,w_e4c7fac
709,data/train/fb194792.jpg,w_735d8a4
710,data/train/a1751aaa.jpg,w_dd60c18
711,data/train/b8081b6e.jpg,w_38efc2d
712,data/train/c2089572.jpg,w_48a5b86
713,data/train/b5da8066.jpg,w_2cdf820
714,data/train/b34d7d5f.jpg,w_7049d9f
715,data/train/546d8aee.jpg,w_d398969
716,data/train/c26573c9.jpg,w_d676d44
717,data/train/675cfce1.jpg,w_d59cb45
718,data/train/9c1b2df0.jpg,w_a4f77bd
719,data/train/e4ba8906.jpg,w_f8cd6b6
720,data/train/a340548b.jpg,w_626ef9f
721,data/train/4f6fd0e9.jpg,w_5570053
722,data/train/bdde4090.jpg,w_c4923b6
723,data/train/dc7c9446.jpg,w_58bca3c
724,data/train/5f47037c.jpg,w_4403803
725,data/train/85acc633.jpg,w_1e1a051
726,data/train/0f8136f0.jpg,w_fe36b07
727,data/train/595c74ae.jpg,w_3d3c0f9
728,data/train/93f8ee9b.jpg,w_7879ee1
729,data/train/14623371.jpg,w_c35b3ae
730,data/train/6ba8a787.jpg,w_ec853f1
731,data/train/9ab0d800.jpg,w_9412d1b
732,data/train/a54d98f9.jpg,w_7d4cb72
733,data/train/313622ae.jpg,w_901363f
734,data/train/e3feb349.jpg,w_45e8ea5
735,data/train/66e6d2c3.jpg,w_0c6d50d
736,data/train/74c3f10a.jpg,w_a66b2a5
737,data/train/3a8a29d3.jpg,w_598b8ab
738,data/train/ea745e80.jpg,w_ccbc782
739,data/train/f93dc8d8.jpg,w_43eea34
740,data/train/13276f92.jpg,w_b70a0c4
741,data/train/7da1404d.jpg,w_52b06b1
742,data/train/5545cb20.jpg,w_2f89dfe
743,data/train/f192351d.jpg,w_977d881
744,data/train/830b63d7.jpg,w_2bdd2df
745,data/train/72207f8d.jpg,w_1127c35
746,data/train/040c1cd4.jpg,w_717a293
747,data/train/d1579447.jpg,w_0d733a5
748,data/train/b6a16b37.jpg,w_059e347
749,data/train/1884e980.jpg,w_09c1e0b
750,data/train/fcf03ecc.jpg,w_4ce0510
751,data/train/3535112f.jpg,w_8e23e4c
752,data/train/489626ba.jpg,w_4f6fabd
753,data/train/79d174db.jpg,w_ad370e1
754,data/train/d49bd081.jpg,w_d3857a6
755,data/train/baa95c38.jpg,w_03c6d18
756,data/train/0745ef3f.jpg,w_18a1bf2
