file,label
e33ddbb3.jpg,w_8c1dab2
a93d4a7c.jpg,w_efd3f81
519a8325.jpg,w_13c6b6b
1ec5aebf.jpg,w_4855bd3
5f948fbb.jpg,w_e59294d
59d602a4.jpg,w_1eafe46
45c240e6.jpg,w_cae7677
738bce06.jpg,w_987a36f
a12a8eeb.jpg,w_2dae424
2cf384f7.jpg,w_1eafe46
af823c5a.jpg,w_1287fbc
ccdbbafe.jpg,w_569c2c7
0c575867.jpg,w_ef2f0f0
810ca051.jpg,w_33973bf
c25e702d.jpg,w_44f0fa2
d034eb40.jpg,w_7763134
72469a66.jpg,w_c0d494d
1153b2ee.jpg,w_861cc1c
57abe70e.jpg,w_516bedb
b788d7a8.jpg,w_9cb529f
188446bc.jpg,w_f19faeb
c47f6c0b.jpg,w_17e8554
f3770a8c.jpg,w_e826a6f
68572034.jpg,w_3d66298
f16597f6.jpg,w_d382236
279b03ac.jpg,w_35063ed
374aaece.jpg,w_0771d4b
7bcac6ae.jpg,w_e02fe7b
f9f96d8a.jpg,w_95874a5
463a6995.jpg,w_9577f88
76021b49.jpg,w_c11932e
2cf825b8.jpg,w_9b401eb
40abf606.jpg,w_1287fbc
d960969a.jpg,w_8d83172
fd58777d.jpg,w_e02fe7b
913dd895.jpg,w_dbda0d6
472aefb7.jpg,w_7e8b270
7eabb2f1.jpg,w_1596a47
1f2913e3.jpg,w_1287fbc
12a7ea87.jpg,w_1596a47
460f0dc6.jpg,w_7b035cc
142364d6.jpg,w_4b7b80b
9eff28cf.jpg,w_ddbf533
0f572518.jpg,w_efd3f81
a1513532.jpg,w_ba8c7bc
bd48677c.jpg,w_e02fe7b
cbd992f5.jpg,w_dfec7a3
871d522d.jpg,w_1287fbc
a1c702c0.jpg,w_9875c12
93b77109.jpg,w_c1b685f
d643407d.jpg,w_813c5be
b300713b.jpg,w_b942708
7310c41a.jpg,w_5436d75
58c4525e.jpg,w_540fd73
1c47e44a.jpg,w_18eee6e
3ff1e633.jpg,w_d22af00
552e1b88.jpg,w_fc7cc24
c7b52a6a.jpg,w_1596a47
1c4f6efe.jpg,w_fd1cb9d
b90dbb5c.jpg,w_44cccf6
a8cdd9c0.jpg,w_286ec5f
a449ace8.jpg,w_1eafe46
c968929b.jpg,w_1d53d9c
c66d11ed.jpg,w_cb7b682
e26e5120.jpg,w_eb0a6ed
785947a7.jpg,w_718ce15
cf559d2f.jpg,w_b9e00eb
7bf542aa.jpg,w_c1b685f
ced3ed6d.jpg,w_f8e6546
fb881c99.jpg,w_43be268
18760d44.jpg,w_e3c0ae5
a7933424.jpg,w_6af9dd7
7e6c5122.jpg,w_0beef28
31bcf4c0.jpg,w_53064a6
bb50d577.jpg,w_b9e00eb
04928fa7.jpg,w_2fe43c7
26e2ff2f.jpg,w_3a9ee71
334e0aa1.jpg,w_9ca943b
f7046e6e.jpg,w_f86488a
983837e4.jpg,w_93bf889
4cb5e618.jpg,w_0d39a68
8389019f.jpg,w_987a36f
06d7be52.jpg,w_1a229eb
3e7f4f54.jpg,w_ee17a08
f51a835e.jpg,w_fea7fe6
82d68445.jpg,w_2fe43c7
798d2066.jpg,w_1eafe46
751679ca.jpg,w_0e737d0
4390f29c.jpg,w_778ee6e
d9b7f817.jpg,w_540fd73
17767046.jpg,w_dbda0d6
d8f8c1e1.jpg,w_1274a11
d0a0813d.jpg,w_8bde95b
0cca82c9.jpg,w_1274a11
6c3acbcc.jpg,w_1489751
e0d6b877.jpg,w_fea7fe6
1c789413.jpg,w_02d5fad
83c74909.jpg,w_d382236
6e38b2eb.jpg,w_c622a3f
756e12d0.jpg,w_d19a884
f3d5e3f6.jpg,w_5ba417d
743b231e.jpg,w_f115d53
018f26da.jpg,w_4e68ddc
e29a39c9.jpg,w_da63cba
ca361119.jpg,w_7028d77
a6b00d23.jpg,w_b678944
ed3bac22.jpg,w_ba8c7bc
fbd1322d.jpg,w_b6689cc
ee42423b.jpg,w_62f804d
acf725fd.jpg,w_e62a48d
9a5c2cfd.jpg,w_d2be6cc
5a6291f9.jpg,w_9b401eb
dd6ed8bb.jpg,w_a59905f
aa9b6a94.jpg,w_57c8da9
70ceeeff.jpg,w_693c9ee
5bba3adb.jpg,w_a59905f
ed43c7ee.jpg,w_aae82f8
471cc7c1.jpg,w_fe49bc4
ac52bde7.jpg,w_95874a5
e96978ce.jpg,w_693c9ee
b3b9402e.jpg,w_44cccf6
a4cecff0.jpg,w_1c69443
0d45d434.jpg,w_3d0bc7a
21ece251.jpg,w_43b50e5
f72108ed.jpg,w_b942708
f19697e2.jpg,w_78f2e92
475b2bd2.jpg,w_4e52a49
9532a92b.jpg,w_c57623d
6cf92b22.jpg,w_3af4e73
0ec4d882.jpg,w_f478955
47ef9b09.jpg,w_987a36f
bb031f73.jpg,w_2730966
2aa825f9.jpg,w_a524549
21c7c959.jpg,w_1dc66b7
49f27fad.jpg,w_71c7322
294ca90d.jpg,w_5a81425
605f6ed6.jpg,w_4c9d3df
38859712.jpg,w_a25caa9
6ba7d896.jpg,w_d22af00
38769ba1.jpg,w_693c9ee
c38ce869.jpg,w_43be268
fcc84c8e.jpg,w_fd07344
00b2c0cd.jpg,w_7c7a78c
088cc3cc.jpg,w_98baff9
3ae0a294.jpg,w_59eb8ae
02ed3e6d.jpg,w_18df014
cb40b4fb.jpg,w_d3ce445
3f461c80.jpg,w_a59905f
dfbe87b8.jpg,w_6d17527
d9f3391e.jpg,w_2b939eb
8ae4e714.jpg,w_1eafe46
183cc72b.jpg,w_bb2d34d
6b87ac87.jpg,w_7c7a78c
b7228911.jpg,w_7b035cc
9dbf9bfc.jpg,w_693c9ee
e74c35ab.jpg,w_fa32440
d371d5ec.jpg,w_44cccf6
d93357ee.jpg,w_b6689cc
f976672a.jpg,w_1948625
d1fa44f1.jpg,w_3af4e73
ff0de88a.jpg,w_18eee6e
28ff06e7.jpg,w_da2efe0
6a3fc79d.jpg,w_a59905f
8c37aa0c.jpg,w_a254eb0
bf1e3926.jpg,w_b6886e5
427ecca7.jpg,w_b074cdf
e9cce61c.jpg,w_d3c8520
22316c00.jpg,w_21e178f
445c2164.jpg,w_1287fbc
0317dee0.jpg,w_656afeb
161b722a.jpg,w_9ea2cc3
2ae84e50.jpg,w_6af9dd7
a36b77bf.jpg,w_987a36f
9a90c150.jpg,w_49bbc79
a7d28984.jpg,w_1287fbc
21dbd961.jpg,w_b074cdf
5b9255f9.jpg,w_4fb3c95
ec772744.jpg,w_3fc3d07
400f59b3.jpg,w_8c1ec28
789f9efa.jpg,w_b4732ef
b5d0fff2.jpg,w_67fecca
14da8bcd.jpg,w_6202983
18d8f842.jpg,w_08f1502
12c67e49.jpg,w_38e4aae
28af5611.jpg,w_5ba417d
4ea1d33f.jpg,w_7c7a78c
c36083f9.jpg,w_73b705e
ee31d05e.jpg,w_8e451d9
ca8356b9.jpg,w_d9aab0a
519a0e8a.jpg,w_9c5ed68
efcd2ffe.jpg,w_7f40920
1201672e.jpg,w_43be268
be00b9ee.jpg,w_77607b5
bc9a50f2.jpg,w_0408054
eceb69fb.jpg,w_993d66c
787d048c.jpg,w_9875c12
65dd4491.jpg,w_045d9fc
a7dec0d7.jpg,w_656afeb
9231376e.jpg,w_cb7b682
81b398f6.jpg,w_e4616da
65c8a8a1.jpg,w_a18d0dc
1114c835.jpg,w_b8dff40
705339d2.jpg,w_c27d036
718d2bfa.jpg,w_87050a3
2985c2ae.jpg,w_49bbc79
ede622f7.jpg,w_c9e1cdc
58a457cf.jpg,w_dfbfe10
fc120e58.jpg,w_bb2d34d
7a93321c.jpg,w_8fab53d
f3400e7e.jpg,w_ab4cae2
11de8601.jpg,w_f18df18
f2677a33.jpg,w_71764b4
e62d15cc.jpg,w_286ec5f
b7da90a5.jpg,w_a14ccaa
3ae7b2e7.jpg,w_c9e1cdc
fad13793.jpg,w_3cf3853
cb8f2b0c.jpg,w_5cc2285
380d7171.jpg,w_b4732ef
9549d833.jpg,w_6c803bf
bc32263b.jpg,w_f81c626
1b5f7f86.jpg,w_d3ce445
04c06689.jpg,w_47d2bc6
48871923.jpg,w_3ae3603
cab0ff28.jpg,w_0408054
0dd0edf4.jpg,w_94cd45e
f69cbab1.jpg,w_1ae1386
95850980.jpg,w_d2be6cc
154c97ec.jpg,w_18eee6e
5d8f2278.jpg,w_cd1f1ed
1779b510.jpg,w_0a97a25
19ff6ba0.jpg,w_837646b
64ef67c6.jpg,w_f0f0dbb
416bb0ad.jpg,w_7e8b270
58cbf22f.jpg,w_1f10750
a9646473.jpg,w_8d83172
2fb36a00.jpg,w_8d46cef
658ea2c7.jpg,w_1e3ce01
a6dc7463.jpg,w_fba3bde
64d74ec8.jpg,w_c9e1cdc
8d1e5437.jpg,w_e0efc4f
de67f3ab.jpg,w_4e52a49
651e8a21.jpg,w_25d7f93
9bb4bc42.jpg,w_4659acf
129c160e.jpg,w_d9aab0a
f88f2d8d.jpg,w_0771d4b
6b7e611f.jpg,w_44cccf6
d9cfc6dd.jpg,w_97f5054
3d08992f.jpg,w_5c07f42
75ea45c4.jpg,w_7554f44
bed0b250.jpg,w_c00534d
55852568.jpg,w_66c1b54
2201e4e0.jpg,w_c0d494d
905fb55b.jpg,w_97f5054
25a938fb.jpg,w_9948a99
417fa931.jpg,w_95874a5
b5bed2ea.jpg,w_d47e2e3
9490698e.jpg,w_6c899ff
ec2a3909.jpg,w_1596a47
b61e3c9a.jpg,w_ea2385d
11ab7bce.jpg,w_87050a3
a1180184.jpg,w_fba3bde
e11852f2.jpg,w_e826a6f
562d7297.jpg,w_045d9fc
b1b00b75.jpg,w_77e1d3f
c90271ce.jpg,w_67de30b
15ed7f1e.jpg,w_4c9d3df
876b9ab7.jpg,w_3a9ee71
5a84a4af.jpg,w_0e9f6d9
4e37d286.jpg,w_8e451d9
e8fef570.jpg,w_eb0a6ed
4659c202.jpg,w_9e1e818
b4157e12.jpg,w_78f2e92
0a70aa2d.jpg,w_c622a3f
7b6a94b8.jpg,w_fd1cb9d
a92ba3f0.jpg,w_e45bc18
be0c9baf.jpg,w_4b7b80b
553ef753.jpg,w_9cb529f
7cbdeefe.jpg,w_d47e2e3
18a72e92.jpg,w_2d99a0c
136c4d20.jpg,w_13c6b6b
36d46962.jpg,w_6361632
5f566f62.jpg,w_0e737d0
ff2c20cc.jpg,w_f6fb689
2c4b238b.jpg,w_e3c119c
393082a1.jpg,w_d89b29e
b710fd40.jpg,w_12f2352
f43ba4f2.jpg,w_9875c12
cd656086.jpg,w_77e1d3f
f27a704d.jpg,w_9ca943b
7ecb206c.jpg,w_d1bbde9
8b9ae545.jpg,w_1274a11
6c2cfb84.jpg,w_b0e05b1
7071d9a7.jpg,w_43be268
b29474aa.jpg,w_2d99a0c
bfd0fc3d.jpg,w_5297ab3
37ba390e.jpg,w_4fd48e7
1cbfb4e4.jpg,w_9ea2cc3
4cd73c04.jpg,w_861cc1c
60e4e1f9.jpg,w_1eafe46
74e32bae.jpg,w_ff1b64c
ac541a9c.jpg,w_9ca943b
a795a77e.jpg,w_9875c12
4e7b614f.jpg,w_fc7cc24
2217bebd.jpg,w_f19faeb
2426615c.jpg,w_fba3bde
08a3857b.jpg,w_bb2d34d
74b7cf52.jpg,w_df092eb
41d00b14.jpg,w_dcb1f2a
abeb9318.jpg,w_53064a6
dbb5875a.jpg,w_8e451d9
88687995.jpg,w_c10ffe9
8fe14533.jpg,w_6c803bf
79425fc8.jpg,w_3cf3853
13cff788.jpg,w_0e4f53c
cf35fe57.jpg,w_7554f44
0035632e.jpg,w_3d0bc7a
7dd8602d.jpg,w_398aa7f
12779baa.jpg,w_0e737d0
a7b0c232.jpg,w_7311fe4
b5a9d85c.jpg,w_c027e4e
8f5d9989.jpg,w_eac205a
a104d25c.jpg,w_17ee910
307d8841.jpg,w_987a36f
d609c7a2.jpg,w_94cd45e
7f919fd2.jpg,w_8b56cb1
6221819c.jpg,w_e59294d
c4991496.jpg,w_d1bbde9
467a479a.jpg,w_fc7cc24
624e1743.jpg,w_c1b685f
30c0f272.jpg,w_9ea2cc3
e4c4bf4e.jpg,w_35063ed
9612b341.jpg,w_7db10cc
aefffd67.jpg,w_d89b29e
d943099a.jpg,w_17ee910
64337aba.jpg,w_9122179
fc1882b1.jpg,w_3b0894d
1d5bd8f0.jpg,w_3197568
1312c161.jpg,w_1f10750
16a5c1e6.jpg,w_02d5fad
3c5412bd.jpg,w_7c7a78c
18f2c1b9.jpg,w_e02fe7b
5596e225.jpg,w_886257d
93240258.jpg,w_53951e6
e7b728fd.jpg,w_3af4e73
1da442d8.jpg,w_2fd21ec
acbc05ff.jpg,w_b9e00eb
deed3cb9.jpg,w_8044362
685c3732.jpg,w_2d99a0c
db108317.jpg,w_b6886e5
8fefa7d0.jpg,w_9ec358c
88d7abf3.jpg,w_f8e6546
57fdbc35.jpg,w_6d4dedc
d7b5db20.jpg,w_3674103
bd699c43.jpg,w_98baff9
bad83ce8.jpg,w_853c1f7
c129f0de.jpg,w_5c07f42
f4e6dda2.jpg,w_41ed8e8
3f9a988d.jpg,w_e45bc18
9cde75d8.jpg,w_98baff9
2f7f3636.jpg,w_8ba2066
44da8028.jpg,w_0fea5a3
269a61af.jpg,w_9ca943b
d6c1125a.jpg,w_b6689cc
44da97ad.jpg,w_b4732ef
c87be503.jpg,w_89e159a
144dfae0.jpg,w_db2baec
a7bdc4de.jpg,w_f02bf23
f6327668.jpg,w_5ba417d
bdfb5544.jpg,w_721d2e9
7491fdcb.jpg,w_fd07344
3cb1fd98.jpg,w_9b401eb
4498fd8f.jpg,w_3d66298
24c2797b.jpg,w_2d99a0c
ea24b89e.jpg,w_4e52a49
544cc76e.jpg,w_f02bf23
bc768e7d.jpg,w_a526492
372fb923.jpg,w_3d66298
74043d17.jpg,w_49bbc79
b44c2902.jpg,w_2071a4c
353ed824.jpg,w_0e4f53c
d7e8599e.jpg,w_576db5d
b141f1c1.jpg,w_4e52a49
91b704dc.jpg,w_1287fbc
7fa65658.jpg,w_cd1f1ed
14369038.jpg,w_dfbfe10
a62d7907.jpg,w_2730966
a315b49b.jpg,w_f18df18
4e20a16e.jpg,w_fd1cb9d
7857a4c7.jpg,w_95b6cc3
3bbb907b.jpg,w_73d5489
62f7a0f1.jpg,w_6c899ff
b2e3c977.jpg,w_8c1dab2
fbf1c9d5.jpg,w_b7d5069
708e139a.jpg,w_42f935c
cd2a05ad.jpg,w_f478955
4425522f.jpg,w_b3e6069
0376d91d.jpg,w_1274a11
f6c4d521.jpg,w_3af4e73
9ea2284f.jpg,w_4e52a49
19e2b8fd.jpg,w_2071a4c
b247e203.jpg,w_1dff010
eaec57d2.jpg,w_89e159a
07c94f4a.jpg,w_a526492
b1e60ef3.jpg,w_12cdfbd
cc085f10.jpg,w_2f6a962
7176a249.jpg,w_e62a48d
e7044065.jpg,w_c9e1cdc
ed744e52.jpg,w_73d5489
511f35ee.jpg,w_43be268
3702efff.jpg,w_2a939eb
3cfbccf6.jpg,w_2f6a962
3c055672.jpg,w_73b705e
c4640d6f.jpg,w_147b62b
096a26de.jpg,w_6c803bf
b8059278.jpg,w_d141590
ddf1016b.jpg,w_2a18a44
18b8814f.jpg,w_fe054f3
118a256c.jpg,w_8867074
0f0d3839.jpg,w_67599af
32997992.jpg,w_b6886e5
07b74c39.jpg,w_a837660
375a73bd.jpg,w_73b705e
938e8146.jpg,w_67de30b
5306471d.jpg,w_286ec5f
6238a98d.jpg,w_a524549
48f3c699.jpg,w_9ceb05d
02a12b73.jpg,w_6202983
6d77ab21.jpg,w_eac205a
823ee7ee.jpg,w_3172910
e9c18417.jpg,w_f6fb689
1d869cfe.jpg,w_1c69443
e7a69c20.jpg,w_b0e05b1
03c696a6.jpg,w_3d0bc7a
643ae182.jpg,w_f19faeb
e53cedd6.jpg,w_ace8c54
4235f9c3.jpg,w_eb0a6ed
7b484271.jpg,w_35063ed
984ab8c6.jpg,w_abe383e
ad4fb25d.jpg,w_bf38f05
42827019.jpg,w_cb7b682
c28e7910.jpg,w_98baff9
72568fac.jpg,w_d5ec83f
2b8c76bd.jpg,w_ab4cae2
44522955.jpg,w_cef690d
6358dcad.jpg,w_ae07541
6ee9e357.jpg,w_17e8554
fb479aa0.jpg,w_8b56cb1
38bdae1b.jpg,w_47d2bc6
5abd24f4.jpg,w_f478955
ac570b4f.jpg,w_95874a5
ce1c7ab1.jpg,w_8bde95b
8bc84d47.jpg,w_c0d494d
06bdc5d1.jpg,w_1eafe46
5c84c543.jpg,w_735ce7d
036bad0a.jpg,w_711aaa1
1ad5e93e.jpg,w_dfbfe10
74568e8f.jpg,w_0e737d0
7198ba4d.jpg,w_64f3545
83a041b8.jpg,w_b0e05b1
71890e91.jpg,w_987a36f
2e8e0270.jpg,w_2f283f3
9a3e3226.jpg,w_693c9ee
c3e1a0ef.jpg,w_cef690d
35e83b9b.jpg,w_a524549
8d0bf5cb.jpg,w_1dd8e68
ad0154ec.jpg,w_5a81425
bfbdbda8.jpg,w_a22f338
ec3ac2ca.jpg,w_08f1502
a659155d.jpg,w_1a70685
3535398b.jpg,w_6e8486d
14929ecf.jpg,w_2f283f3
efc6cdd4.jpg,w_8c1ec28
346f16c9.jpg,w_654a5bb
7079bbe2.jpg,w_56bbc91
58f2ffb9.jpg,w_8fab53d
4fc7d00c.jpg,w_ab6db0f
a4d8ca2d.jpg,w_38e4aae
9d31f665.jpg,w_4659acf
e95061d7.jpg,w_e59294d
77c9cd3b.jpg,w_6c803bf
3109f101.jpg,w_e3c119c
d5148b87.jpg,w_987a36f
74a7338a.jpg,w_a59905f
db026084.jpg,w_8fab53d
30b17ff4.jpg,w_b0e05b1
b57431ef.jpg,w_9ca943b
57831620.jpg,w_6c803bf
1a9387da.jpg,w_49bbc79
7060ba65.jpg,w_1287fbc
38ee81ee.jpg,w_fa32440
086b3f1f.jpg,w_e3c119c
b81ea4f2.jpg,w_540fd73
1192075e.jpg,w_5436d75
75324ffe.jpg,w_b3e6069
b2510a40.jpg,w_9ec358c
9a9173fb.jpg,w_9122179
b84950d2.jpg,w_32a920b
3fbb89ef.jpg,w_8d83172
5600a8e9.jpg,w_9577f88
31dfc1bd.jpg,w_43be268
9b395fc7.jpg,w_c9e1cdc
bb0bcf77.jpg,w_ee17a08
694845ba.jpg,w_1eafe46
44231643.jpg,w_89e159a
ae67b7f2.jpg,w_6202983
deacd680.jpg,w_93bf889
ae7d1164.jpg,w_d9adb4f
66eb3773.jpg,w_5010531
a21c2e72.jpg,w_654a5bb
c1df5f1c.jpg,w_89317b0
81584580.jpg,w_cf24f84
3bffce36.jpg,w_7b035cc
140bf7f2.jpg,w_d2be6cc
d5d85a6b.jpg,w_0beef28
fdfcbbda.jpg,w_12cdfbd
5f415383.jpg,w_1632307
bed60aa6.jpg,w_540fd73
0870fa6b.jpg,w_ba8c7bc
73b6d0f1.jpg,w_9ea2cc3
ae4ed2c5.jpg,w_0e4f53c
f9a467f5.jpg,w_7f40920
dc8d5725.jpg,w_2a939eb
45ac1c68.jpg,w_d234e6b
78832a09.jpg,w_dbda0d6
fd46dc70.jpg,w_bf38f05
f306398f.jpg,w_552a16e
567cc10d.jpg,w_c3d523d
f3235268.jpg,w_9ca943b
2c4813a1.jpg,w_1287fbc
def1b8b3.jpg,w_0beef28
56bf66a8.jpg,w_73d5489
e39680f1.jpg,w_778ee6e
e127d040.jpg,w_1a5e7a2
5d055a11.jpg,w_3d0bc7a
4c2a232b.jpg,w_18df014
a788ed25.jpg,w_db2baec
12da6d5f.jpg,w_fe054f3
8e706dbc.jpg,w_cce912e
2f67d035.jpg,w_1a70685
02a783c8.jpg,w_2a939eb
468c789e.jpg,w_e45bc18
1cb43810.jpg,w_540fd73
3cfd9ff7.jpg,w_9b401eb
4e0a7ca4.jpg,w_18eee6e
206f8e7a.jpg,w_78f2e92
54d6179b.jpg,w_fd07344
4df42083.jpg,w_f19faeb
37251e8c.jpg,w_e73d83c
7871e1dd.jpg,w_ab6db0f
a02c5ee5.jpg,w_d36f58c
adc5241f.jpg,w_66c1b54
a8dc3377.jpg,w_1489751
cefa47d6.jpg,w_95874a5
2201f36d.jpg,w_b7d5069
78c68f5a.jpg,w_98baff9
f0b1b581.jpg,w_a335e80
25c59e65.jpg,w_7311fe4
c1b72bd5.jpg,w_c0d494d
bb1c9dd7.jpg,w_9c5ed68
e634fd50.jpg,w_06a6351
d056e5a3.jpg,w_0e737d0
1d8e06fb.jpg,w_fba3bde
82f25260.jpg,w_b9e00eb
c870713c.jpg,w_3674103
092ddfd3.jpg,w_0b04c08
178686dc.jpg,w_1dc66b7
76cd28d0.jpg,w_987a36f
01f17a15.jpg,w_656afeb
14f8c2ec.jpg,w_95874a5
923f0050.jpg,w_2d99a0c
0c1155bb.jpg,w_414f402
f7e47342.jpg,w_fea7fe6
5d13f1bf.jpg,w_8044362
9d5f6dbe.jpg,w_06a6351
fa4c20f2.jpg,w_fd07344
61e0678c.jpg,w_97f5054
5eb99fc2.jpg,w_8044362
8f1fb719.jpg,w_1287fbc
982537a1.jpg,w_67fecca
d7ed71b2.jpg,w_7e8b270
500fa998.jpg,w_da63cba
2b00cd74.jpg,w_b4732ef
55172674.jpg,w_fba3bde
2767386a.jpg,w_2863d51
4be83bb0.jpg,w_fba3bde
5c55f21a.jpg,w_dfbfe10
4083d9fe.jpg,w_392bee3
4604d07b.jpg,w_96fd936
4fb49588.jpg,w_68820e8
b7fabeec.jpg,w_4fb3c95
2ca2a981.jpg,w_ab4cae2
9a9c1717.jpg,w_cae7677
6948d289.jpg,w_b9f5b8b
15b85471.jpg,w_3af4e73
d85a2a20.jpg,w_9b401eb
0acce63b.jpg,w_7554f44
d9d1d97b.jpg,w_0a97a25
ed03fb44.jpg,w_9ea2cc3
f943fdff.jpg,w_718ce15
8a3fb9df.jpg,w_bc9dc37
29c82382.jpg,w_045d9fc
70f6957b.jpg,w_3411b9f
aaff3333.jpg,w_fc7cc24
eb0dbe96.jpg,w_778ee6e
92bd7a49.jpg,w_6c803bf
dcebe2cc.jpg,w_7028d77
ffecec63.jpg,w_8b56cb1
1477e77a.jpg,w_9ca943b
bd6c9902.jpg,w_4ebeafb
03fbb4cb.jpg,w_71c7322
2e6ffeea.jpg,w_0a97a25
76a6a44c.jpg,w_3ae3603
56989b51.jpg,w_1e3ce01
d8d54d16.jpg,w_f8e6546
3f3703f5.jpg,w_f8e6546
14992967.jpg,w_f4e0748
9b335771.jpg,w_43b50e5
c749b2a5.jpg,w_11adaae
ca9c37bc.jpg,w_718ce15
91052943.jpg,w_1287fbc
a0d45211.jpg,w_53064a6
b35cb9b8.jpg,w_da2efe0
5d6e4cca.jpg,w_11adaae
1c50a093.jpg,w_aa16da4
bf99dbb7.jpg,w_f83b1f9
d69efa1f.jpg,w_e7a238b
9c5fba32.jpg,w_ab4cae2
70212654.jpg,w_73d5489
372b6a7c.jpg,w_a2a1378
157956c7.jpg,w_89d9c03
d9115db1.jpg,w_63db6f9
a1f417a0.jpg,w_8c1e2e4
c7a73ef1.jpg,w_ab4cae2
bd306fad.jpg,w_17ee910
a52437e5.jpg,w_6c803bf
3dea633f.jpg,w_853c1f7
71c6393a.jpg,w_43be268
03f158af.jpg,w_c11932e
e37c95b6.jpg,w_ef2f0f0
66496ad7.jpg,w_6d4dedc
23f9ba33.jpg,w_d9aab0a
c4f97157.jpg,w_7311fe4
8e9e3b46.jpg,w_aa7e5f4
840a6b0a.jpg,w_a2a1378
d7cb0821.jpg,w_d19a884
9d6aba0d.jpg,w_67de30b
04dd6cc6.jpg,w_3197568
55683fb9.jpg,w_b6689cc
0a68446c.jpg,w_71c7322
d029ff80.jpg,w_98baff9
12bad36b.jpg,w_718ce15
1bfd386e.jpg,w_693c9ee
1809ed3f.jpg,w_59eb8ae
f32f6809.jpg,w_9875c12
c1858b6a.jpg,w_13c6b6b
75bd19cd.jpg,w_a59905f
ce24a71a.jpg,w_42f935c
4210085e.jpg,w_3ae3603
dd85429c.jpg,w_4ebeafb
26b4f3ac.jpg,w_0bc712b
0dab2960.jpg,w_3b0894d
c6cef315.jpg,w_813c5be
a69ada0d.jpg,w_67de30b
ad7a8f68.jpg,w_f19faeb
c3f46dff.jpg,w_1a70685
965f8463.jpg,w_17ee910
7405ab36.jpg,w_693c9ee
1337b76c.jpg,w_721d2e9
3df059a0.jpg,w_9db9ef5
ff9d60a3.jpg,w_eb0a6ed
247a5f40.jpg,w_a59905f
f3910aa3.jpg,w_d9adb4f
999872f9.jpg,w_cae7677
c430a3bb.jpg,w_837646b
37b38907.jpg,w_2fe43c7
8d765dfd.jpg,w_434ad6a
51205ad0.jpg,w_8c1e2e4
9046f572.jpg,w_67de30b
29e1033b.jpg,w_7311fe4
4269e4ae.jpg,w_e0efc4f
8d6f9f59.jpg,w_c3d523d
53942b0b.jpg,w_cce912e
9165de1e.jpg,w_bb2d34d
02ea0810.jpg,w_6e8486d
ddb6d9d5.jpg,w_63db6f9
04a91387.jpg,w_eec1133
0e317827.jpg,w_eb0a6ed
d2c8bd2d.jpg,w_6d17527
97791473.jpg,w_e3c119c
0c38a6b4.jpg,w_4c9d3df
838a75d5.jpg,w_d1bbde9
5b36393d.jpg,w_ff1b64c
025c0ecb.jpg,w_4fd48e7
f1971ef0.jpg,w_aa7e5f4
24f6e6c4.jpg,w_b678944
691bd223.jpg,w_a59905f
04e5cc2b.jpg,w_5297ab3
8e8d1b22.jpg,w_ab4cae2
8305abbf.jpg,w_1287fbc
7fc79156.jpg,w_df092eb
43dfd923.jpg,w_1c69443
65575c28.jpg,w_7311fe4
e4232061.jpg,w_ae07541
30f713df.jpg,w_aeca19c
e0994d36.jpg,w_0fea5a3
0617f982.jpg,w_7554f44
551396bb.jpg,w_eb0a6ed
824b2725.jpg,w_0e737d0
097f138b.jpg,w_9948a99
cbcb418d.jpg,w_dc89c4c
3d9be1b4.jpg,w_cd88a48
a6ee1c46.jpg,w_67599af
2bcc8e6e.jpg,w_bdbec6c
cbff1356.jpg,w_b8dff40
da7aeef9.jpg,w_cd88a48
1b23736c.jpg,w_a59905f
cbe54f65.jpg,w_8d46cef
7899ccaf.jpg,w_d89b29e
c0d2147f.jpg,w_79b42cd
32fce9b5.jpg,w_11adaae
c31e1763.jpg,w_b7d5069
50447d66.jpg,w_987a36f
c6cf3c1c.jpg,w_6af9dd7
a4c208f4.jpg,w_b6410bc
7c9f03ad.jpg,w_44a6b62
103529b2.jpg,w_1a5e7a2
84074a3b.jpg,w_693c9ee
06f3adae.jpg,w_98baff9
182ec5b9.jpg,w_fa32440
beef6aa7.jpg,w_a59905f
e4ae742a.jpg,w_cae7677
865f3da2.jpg,w_fd1cb9d
fb45b2fa.jpg,w_77607b5
8f2b69b8.jpg,w_1287fbc
894307c8.jpg,w_d36f58c
00467ae9.jpg,w_fd1cb9d
c780d655.jpg,w_1dc66b7
5244c139.jpg,w_4fd48e7
5af41c8c.jpg,w_67fecca
dc2bc109.jpg,w_73d5489
028d2ff2.jpg,w_5297ab3
e3500bdb.jpg,w_883557a
8904e37f.jpg,w_f0f0dbb
6f630d8c.jpg,w_21e178f
70b80b95.jpg,w_dc89c4c
5f883b5d.jpg,w_778ee6e
de05064b.jpg,w_64f3545
57c48b77.jpg,w_398aa7f
6c0ac3c5.jpg,w_656afeb
661eb202.jpg,w_c9e1cdc
ac58e730.jpg,w_73d5489
40d1b9cd.jpg,w_e7a238b
5e10e979.jpg,w_44cccf6
d6761808.jpg,w_f81c626
819a871a.jpg,w_9cb529f
4d9a08d6.jpg,w_d141590
847bdaf9.jpg,w_8d46cef
7867e3f4.jpg,w_4c9d3df
a31da59f.jpg,w_38e4aae
61b971bb.jpg,w_c3d523d
5673b786.jpg,w_7311fe4
53503523.jpg,w_64f3545
372a93d2.jpg,w_72e70e5
466537af.jpg,w_ab4cae2
20f2aeb0.jpg,w_73d5489
bd19af72.jpg,w_1596a47
33100a5b.jpg,w_0e737d0
39bb43c9.jpg,w_f18df18
e1032d07.jpg,w_fa32440
c9dd23b9.jpg,w_8d83172
9914fb36.jpg,w_d3ef4b2
ab09fe21.jpg,w_a59905f
df9c98dd.jpg,w_3197568
b75616f1.jpg,w_67de30b
44f9bfe0.jpg,w_3674103
1096db60.jpg,w_c9e1cdc
06e8a669.jpg,w_d1bbde9
957522e1.jpg,w_02facde
1933ff4e.jpg,w_813c5be
4b45d1b7.jpg,w_9cb529f
890c18a9.jpg,w_af890ad
76b6f960.jpg,w_6af9dd7
122a9b2c.jpg,w_49bbc79
a290e701.jpg,w_f6fb689
e9f03c51.jpg,w_b688397
16456265.jpg,w_7763134
02073b87.jpg,w_392bee3
d6e185e9.jpg,w_9ca943b
7cb80b4b.jpg,w_18df014
88032988.jpg,w_f19faeb
6bf83e19.jpg,w_6c803bf
71a4fc90.jpg,w_1287fbc
e10d0a58.jpg,w_b7d5069
82b80df7.jpg,w_6361632
7afc4528.jpg,w_89e159a
3b4b1d4a.jpg,w_dfbfe10
bd912af5.jpg,w_da2efe0
c18dac74.jpg,w_552a16e
930707a4.jpg,w_fe49bc4
db37d396.jpg,w_d36f58c
16981b83.jpg,w_ee17a08
c2abdae8.jpg,w_2071a4c
5c3a622b.jpg,w_18eee6e
e7088102.jpg,w_8867074
0243ca95.jpg,w_b729b1f
2a3a1702.jpg,w_64f3545
4ff1c46a.jpg,w_4a78bf2
6ebf17d3.jpg,w_ab4cae2
b245ad63.jpg,w_ab4cae2
27274eff.jpg,w_a25caa9
0dd5c3ed.jpg,w_a837660
77f079aa.jpg,w_b678944
58796b42.jpg,w_b6410bc
cdbb9c3c.jpg,w_c027e4e
b0e799e0.jpg,w_a14ccaa
4bd5bedb.jpg,w_2f6a962
626ff3eb.jpg,w_f115d53
4c0e858c.jpg,w_fe49bc4
e5107302.jpg,w_243e33e
e0fbe565.jpg,w_bbf20b4
3488938b.jpg,w_b7d5069
b802b550.jpg,w_861cc1c
8c79ef85.jpg,w_217e78a
03f8476f.jpg,w_c9e1cdc
90ee0de4.jpg,w_43be268
3e50fc50.jpg,w_8db45b7
5c9a7056.jpg,w_5010531
8d5e209f.jpg,w_fd1cb9d
3622cac8.jpg,w_9875c12
1499ec02.jpg,w_18eee6e
787d8ea7.jpg,w_4e68ddc
30700f5c.jpg,w_cce912e
107a4c8c.jpg,w_89e159a
736a6a25.jpg,w_7b035cc
6132b7b6.jpg,w_8c1e2e4
c771c3e2.jpg,w_414f402
710942cc.jpg,w_d88328d
bf4cf34e.jpg,w_fea7fe6
ee54fde7.jpg,w_17ee910
a69abadc.jpg,w_1596a47
73e05158.jpg,w_d3ef4b2
49335c24.jpg,w_8ecd3a7
87af9567.jpg,w_8c1ec28
a59f4248.jpg,w_540fd73
08b64b7c.jpg,w_d47e2e3
0a5c0f48.jpg,w_a59905f
53579373.jpg,w_abe383e
4b2151f2.jpg,w_1eafe46
8d9b4a76.jpg,w_32a920b
67eea0b7.jpg,w_dbda0d6
b4e6d46f.jpg,w_8fab53d
fc239c81.jpg,w_a22f338
e5880701.jpg,w_7311fe4
12f8d38a.jpg,w_e62a48d
07a2d97d.jpg,w_654a5bb
ad7cbad2.jpg,w_ff1b64c
4b0a8aa3.jpg,w_97f5054
6bcf91e5.jpg,w_57c8da9
8baaa687.jpg,w_d663f4f
c00a4d96.jpg,w_b6886e5
aac0a65f.jpg,w_993d66c
e3cf95bf.jpg,w_fe49bc4
59b5781f.jpg,w_bb2d34d
66aa7bee.jpg,w_eb0a6ed
5eab4453.jpg,w_d9aab0a
ee7342d2.jpg,w_bdbec6c
848386b7.jpg,w_ee17a08
0b1d25f5.jpg,w_a2a1378
670fb88b.jpg,w_1dd8e68
ea916c35.jpg,w_886257d
8f6e2cef.jpg,w_5b99089
7e22aca7.jpg,w_da63cba
503b542b.jpg,w_8867074
cf1b288e.jpg,w_b678944
7236c1f6.jpg,w_41ed8e8
3013b01e.jpg,w_9ca943b
5fe11dcd.jpg,w_656afeb
ea256d8a.jpg,w_bf38f05
2e8dd283.jpg,w_1632307
a7d163e8.jpg,w_ace8c54
b4442482.jpg,w_c00534d
69296ca6.jpg,w_837646b
ffc0b437.jpg,w_ace8c54
de3c2de1.jpg,w_d36f58c
398b4166.jpg,w_d663f4f
068ddcd9.jpg,w_b96d4e0
57a0fbee.jpg,w_3af4e73
1f9081d6.jpg,w_98baff9
8024668f.jpg,w_4c9d3df
634a621e.jpg,w_7554f44
21427f0b.jpg,w_4659acf
1a1d88c7.jpg,w_5436d75
af1f53e5.jpg,w_71c7322
5ac32658.jpg,w_fe49bc4
440d5063.jpg,w_cae7677
ff3509c0.jpg,w_8ba2066
dec64ebb.jpg,w_a18d0dc
ea00fbe6.jpg,w_71764b4
ef886710.jpg,w_06a6351
94752c55.jpg,w_1eafe46
444c97c7.jpg,w_2d99a0c
8f7c3608.jpg,w_7c7a78c
1d266775.jpg,w_1f10750
5fa3257d.jpg,w_2e872af
438e25a5.jpg,w_2b939eb
eda5de83.jpg,w_6e8486d
2e17085a.jpg,w_a335e80
2c2a4d81.jpg,w_d9aab0a
6dd43cff.jpg,w_693c9ee
4d1a3baf.jpg,w_3694c7d
b8c6e1c6.jpg,w_21e178f
2b5634b6.jpg,w_fba3bde
345382b4.jpg,w_0a97a25
a389d357.jpg,w_414f402
12a52f1e.jpg,w_6c803bf
ae23c188.jpg,w_c57623d
950c5db1.jpg,w_7554f44
29606b33.jpg,w_db2baec
91f2d659.jpg,w_dfbfe10
f0ecdfc3.jpg,w_434ad6a
fefc845c.jpg,w_dbda0d6
d9c35b01.jpg,w_2071a4c
3cb6e88b.jpg,w_1eafe46
6d09c20c.jpg,w_1489751
6e94af2b.jpg,w_7e8b270
9f8674b1.jpg,w_3674103
b9bcc14e.jpg,w_1eafe46
b9205749.jpg,w_eac205a
273dafa3.jpg,w_40323ac
71d9b297.jpg,w_89e159a
3828532e.jpg,w_693c9ee
bfc983ad.jpg,w_6c803bf
c7dab3f2.jpg,w_56bbc91
3f5efcb8.jpg,w_338b130
be57af94.jpg,w_ab4cae2
a9f2532a.jpg,w_b074cdf
1f52b245.jpg,w_dcb1f2a
4fc624a7.jpg,w_b6410bc
e1eebae1.jpg,w_f86488a
8274547a.jpg,w_8c1ec28
baa296f6.jpg,w_fc7cc24
f790ab91.jpg,w_1489751
3ad4e7c7.jpg,w_9b67e87
c7f5c5a8.jpg,w_21e178f
34832b8b.jpg,w_f81c626
bb20a037.jpg,w_ab6db0f
c72123ef.jpg,w_1287fbc
a44b7aa6.jpg,w_af890ad
6802cfd6.jpg,w_42f935c
b8e8d9a3.jpg,w_f81c626
cd583fcd.jpg,w_4b7b80b
4a87024c.jpg,w_693c9ee
a0538a18.jpg,w_243e33e
a8ea96dd.jpg,w_f5b8faf
37cb14cb.jpg,w_e62a48d
de5ea4fa.jpg,w_c00534d
fa2f0ab8.jpg,w_e826a6f
4f5dd72e.jpg,w_fd1cb9d
6a7542ac.jpg,w_7c7a78c
3fb0d64d.jpg,w_c30959a
0bab8224.jpg,w_fa32440
bd82a76c.jpg,w_7e8b270
1491b7b7.jpg,w_5cc2285
07a49e8f.jpg,w_4e52a49
bc018313.jpg,w_9ea2cc3
bb0f69b3.jpg,w_44cccf6
729c29a5.jpg,w_38e4aae
a49e0931.jpg,w_18a854b
441fc875.jpg,w_f19faeb
0344cc34.jpg,w_fea7fe6
85dce086.jpg,w_87050a3
11402db3.jpg,w_77e1d3f
2c8bccd2.jpg,w_d9055d1
3440deea.jpg,w_d88328d
72669ac0.jpg,w_376a413
301d296b.jpg,w_95874a5
1d1d827a.jpg,w_2e872af
dbb74caf.jpg,w_59eb8ae
b129024b.jpg,w_9b67e87
cb93a0b0.jpg,w_9ea2cc3
72c4a059.jpg,w_d36f58c
4fbec9af.jpg,w_8c1ec28
5af330b1.jpg,w_3b3b9b2
018722ca.jpg,w_a837660
2e503fbf.jpg,w_a524549
15bdbe1a.jpg,w_693c9ee
89f8f45a.jpg,w_9122179
08b4e3a7.jpg,w_b074cdf
2dc1642d.jpg,w_f19faeb
5f943860.jpg,w_f19faeb
83a355c2.jpg,w_48a98d7
637683b5.jpg,w_6202983
f7338dc0.jpg,w_2071a4c
d040e670.jpg,w_1287fbc
12764cf2.jpg,w_7c7a78c
cb8f5fc6.jpg,w_cd88a48
d52c4624.jpg,w_715d152
d4be499e.jpg,w_a254eb0
9e908dc3.jpg,w_48a98d7
a0d554b2.jpg,w_d5ec83f
7803fa86.jpg,w_5f82501
ce367dbe.jpg,w_63db6f9
f1acd376.jpg,w_b688397
dfd86672.jpg,w_d7de1ee
53edaf31.jpg,w_8c1ec28
712045b8.jpg,w_5f50b5e
0b6f6990.jpg,w_693c9ee
0e267188.jpg,w_f4e0748
fd35e96d.jpg,w_c57623d
67c185bc.jpg,w_143b201
bcb70c22.jpg,w_ee17a08
4dd4b4f1.jpg,w_c0d494d
68e728c6.jpg,w_47d2bc6
ca53ec89.jpg,w_9577f88
c0955e80.jpg,w_6c899ff
a2181970.jpg,w_71764b4
fb2ccd75.jpg,w_0b04c08
1e5c6493.jpg,w_b96d4e0
a56e284c.jpg,w_e54feba
b69d8fdb.jpg,w_4ebeafb
83019e12.jpg,w_fba3bde
9ecae10d.jpg,w_3694c7d
17e728c5.jpg,w_f18df18
ba403d8f.jpg,w_43be268
13503533.jpg,w_1287fbc
4198fd56.jpg,w_4b7b80b
f1b728f9.jpg,w_654a5bb
22560395.jpg,w_0e9f6d9
dc54e10a.jpg,w_987a36f
811b4d67.jpg,w_12f2352
943797a6.jpg,w_f19faeb
cebc03a9.jpg,w_1ae1386
c0fe33a3.jpg,w_96fd936
093d43ac.jpg,w_989fbbb
bca153b8.jpg,w_4b7b80b
0dd507d3.jpg,w_fd07344
b71ae851.jpg,w_9db9ef5
50731bb7.jpg,w_c10ffe9
39530e00.jpg,w_40323ac
588e85d5.jpg,w_59eb8ae
4570aff9.jpg,w_43be268
cad7e79e.jpg,w_7554f44
718cd0f3.jpg,w_60c5e7e
2dbe669c.jpg,w_d7de1ee
86c2a07d.jpg,w_9ec358c
476f249a.jpg,w_3197568
52e77268.jpg,w_654a5bb
514cf008.jpg,w_1287fbc
02608d7a.jpg,w_93bf889
505ea599.jpg,w_7db10cc
fb16503f.jpg,w_dfec7a3
b63dabd3.jpg,w_656afeb
8a445028.jpg,w_bb2d34d
b259d455.jpg,w_1ae1386
3db2b50d.jpg,w_da2efe0
11c69a34.jpg,w_3af4e73
f75c5abe.jpg,w_3694c7d
58f43b50.jpg,w_c0d494d
e1a8d822.jpg,w_989fbbb
12ed4d0a.jpg,w_b678944
11c80bf0.jpg,w_c0d494d
95140e5e.jpg,w_4ebeafb
eb0c48ca.jpg,w_ab4cae2
91b4847f.jpg,w_2fd21ec
4fa9e304.jpg,w_143b201
10022bd2.jpg,w_f5b8faf
eb2a65bf.jpg,w_286ec5f
0356c5ed.jpg,w_8c1ec28
dc020cda.jpg,w_398aa7f
d38950c4.jpg,w_cae7677
c1d0bb19.jpg,w_2fd21ec
737a5429.jpg,w_f8e6546
3d2c1e78.jpg,w_c58b474
14a8d87a.jpg,w_f81c626
9d8a9542.jpg,w_cce912e
8e11da15.jpg,w_9b401eb
84f78c93.jpg,w_7b035cc
e032c1e5.jpg,w_3674103
7a99c7df.jpg,w_4fd48e7
a1ac3c87.jpg,w_57c8da9
8e6f17a3.jpg,w_db2baec
7c28d11f.jpg,w_d9adb4f
54ed8a83.jpg,w_8d46cef
35695be2.jpg,w_9ec358c
70f837d6.jpg,w_a526492
f3840c08.jpg,w_0f96780
2719fc33.jpg,w_853c1f7
ecdfc350.jpg,w_b942708
ecc105de.jpg,w_18a854b
ea561a0e.jpg,w_17ee910
07b8b278.jpg,w_0d39a68
7c86fdd1.jpg,w_d88328d
6a1979b5.jpg,w_13c6b6b
90b251c3.jpg,w_6202983
8173f55b.jpg,w_95874a5
5d7102b4.jpg,w_41ed8e8
e2e68da4.jpg,w_06a6351
4222f7dc.jpg,w_7554f44
5e2fcd9d.jpg,w_0e737d0
78b5a23a.jpg,w_f4e0748
489639e6.jpg,w_3674103
4ae474bc.jpg,w_715d152
50adb480.jpg,w_2fe43c7
0f399c2a.jpg,w_5f50b5e
135ce2b2.jpg,w_4e52a49
b1519624.jpg,w_569c2c7
756cda18.jpg,w_08f1502
005c57e7.jpg,w_79b42cd
4b4f703d.jpg,w_8c1ec28
dafed735.jpg,w_3d0bc7a
509a3027.jpg,w_9577f88
1c60866a.jpg,w_dfec7a3
f4981430.jpg,w_d234e6b
3033ec6e.jpg,w_392bee3
9c89bb57.jpg,w_1eafe46
096aa6d9.jpg,w_dbda0d6
667848df.jpg,w_c0d494d
d37fe2ad.jpg,w_693c9ee
d3996b4f.jpg,w_2dae424
e58b452b.jpg,w_33973bf
fe529671.jpg,w_c11932e
fb3f7ab4.jpg,w_1274a11
625c29ec.jpg,w_ace8c54
8e0afd41.jpg,w_1eafe46
4ba86da0.jpg,w_b0e05b1
9a9e1ef5.jpg,w_b074cdf
2fd57631.jpg,w_4c9d3df
9439664d.jpg,w_8ba2066
f44ffb82.jpg,w_94cd45e
46aaf056.jpg,w_4e68ddc
41981a88.jpg,w_6361632
c8977b07.jpg,w_bc9dc37
43e89f36.jpg,w_d19a884
e2142715.jpg,w_414f402
455d96d2.jpg,w_552a16e
d00f8e3d.jpg,w_e4616da
46b53abb.jpg,w_dfbfe10
ba4a4729.jpg,w_64f3545
d3127543.jpg,w_7e8b270
2670777e.jpg,w_711aaa1
a33aad2b.jpg,w_b4732ef
a6b5cadb.jpg,w_3061bdd
c2925409.jpg,w_d19a884
855db845.jpg,w_9e1e818
9fd1cfa8.jpg,w_64f3545
c44d7750.jpg,w_dbda0d6
5e398a80.jpg,w_0fea5a3
3df0eea0.jpg,w_5f82501
c56231dc.jpg,w_4e52a49
9fa7003e.jpg,w_d9aab0a
8f099afa.jpg,w_b942708
c97b3d74.jpg,w_3411b9f
c26340b7.jpg,w_73d5489
a4901e25.jpg,w_9cb529f
b5f01672.jpg,w_1287fbc
f3151a32.jpg,w_3d0bc7a
aee5b8cf.jpg,w_d663f4f
3450cdef.jpg,w_d88328d
82f1b26d.jpg,w_0e737d0
eaa07cb8.jpg,w_a837660
d908d7e9.jpg,w_f115d53
443f0371.jpg,w_c00534d
90befe0d.jpg,w_48a98d7
a3b278af.jpg,w_95874a5
764be8b6.jpg,w_9ea2cc3
238ae4f1.jpg,w_7763134
f0f09512.jpg,w_d234e6b
347196cb.jpg,w_576db5d
a83cb16a.jpg,w_b7d5069
ead8b9cb.jpg,w_4b7b80b
7df93c7c.jpg,w_0a97a25
d8daa456.jpg,w_654a5bb
79e07c00.jpg,w_aa16da4
776b0b63.jpg,w_89e159a
7ad6b4e6.jpg,w_df092eb
3f0d6114.jpg,w_9948a99
97b66e98.jpg,w_e54feba
2c1efff9.jpg,w_63db6f9
4ff2c7cb.jpg,w_813c5be
e0e2a0d2.jpg,w_2fd21ec
809292a5.jpg,w_d89b29e
9b0be739.jpg,w_fc7cc24
12e0c254.jpg,w_243e33e
56b7d8a9.jpg,w_1a5e7a2
96e0a9b2.jpg,w_7b035cc
25577809.jpg,w_fd1cb9d
8c8a46d4.jpg,w_a335e80
513a6bb7.jpg,w_fe49bc4
f9b36f4b.jpg,w_1dd8e68
762e22f2.jpg,w_5a81425
91a135b5.jpg,w_93bf889
3d5c10fd.jpg,w_3197568
af39681d.jpg,w_0a97a25
a6d0e8a5.jpg,w_9b401eb
b17a50b1.jpg,w_11adaae
06bfa037.jpg,w_a14ccaa
39885be8.jpg,w_5b99089
2c367983.jpg,w_b7d5069
e611a7a6.jpg,w_9771603
cee21008.jpg,w_73d5489
8c572599.jpg,w_13c6b6b
ef77df0e.jpg,w_2071a4c
30b0c9f7.jpg,w_c30959a
bc7482e2.jpg,w_02facde
b1e00ea2.jpg,w_40323ac
f892dfd5.jpg,w_243e33e
da8eec1a.jpg,w_0beef28
e1e97ef0.jpg,w_3674103
2c3e707c.jpg,w_a837660
6e3e6631.jpg,w_ea2385d
bc59676f.jpg,w_18eee6e
3b8a8eac.jpg,w_987a36f
5cd7dac1.jpg,w_8b56cb1
adbc0231.jpg,w_1d53d9c
a2a9e710.jpg,w_48a98d7
bcf2160d.jpg,w_a335e80
17abb4e0.jpg,w_e73d83c
af943b37.jpg,w_9ceb05d
d7f9a835.jpg,w_c30959a
13d23cf5.jpg,w_c622a3f
f8201d24.jpg,w_40323ac
1f36e7b8.jpg,w_4855bd3
8cc05900.jpg,w_7554f44
aee8c487.jpg,w_b7d5069
00087b01.jpg,w_da2efe0
69b7a996.jpg,w_ab4cae2
5de56b0d.jpg,w_e4616da
0beb8899.jpg,w_6af9dd7
0c6c9b3c.jpg,w_a21cc97
81451159.jpg,w_1dd8e68
32c91871.jpg,w_ab4cae2
623aec39.jpg,w_3d66298
e066c182.jpg,w_147b62b
9b9d44cd.jpg,w_e826a6f
12b9154a.jpg,w_f8e6546
cb306dae.jpg,w_b074cdf
c0984868.jpg,w_c027e4e
3fc798e8.jpg,w_0d39a68
82f69c09.jpg,w_1dff010
c401f186.jpg,w_48a98d7
e3178f59.jpg,w_17ee910
2efe2ca4.jpg,w_987a36f
f93f142a.jpg,w_ace8c54
b23f23a1.jpg,w_9ceb05d
764211a5.jpg,w_72e70e5
6735d573.jpg,w_b074cdf
19e0037d.jpg,w_3d0bc7a
23fbfdbe.jpg,w_25d7f93
248dd355.jpg,w_98baff9
5b1530ac.jpg,w_aa16da4
a2789a7b.jpg,w_02facde
5197a9e0.jpg,w_bc9dc37
bc5f3a1d.jpg,w_d9055d1
cf4b2c87.jpg,w_3172910
2d1f2fd3.jpg,w_da2efe0
de1d060a.jpg,w_eb0a6ed
063acadc.jpg,w_5c07f42
0c6542fe.jpg,w_a21cc97
658f26f4.jpg,w_78f2e92
20e01275.jpg,w_8c1e2e4
8b446746.jpg,w_0e737d0
d6bec259.jpg,w_dad23fa
697705f2.jpg,w_98baff9
0868ded1.jpg,w_1489751
a85dc2ca.jpg,w_3af4e73
942821f4.jpg,w_72e70e5
f0fc6ffc.jpg,w_95874a5
527d971d.jpg,w_56bbc91
9c318792.jpg,w_1489751
8537c210.jpg,w_b9e00eb
5f207948.jpg,w_a21cc97
e5e6a89a.jpg,w_8d46cef
cf0ae32e.jpg,w_fe49bc4
c4b0ed02.jpg,w_73d5489
7092fd6e.jpg,w_8d83172
1cffa2c1.jpg,w_1e3ce01
6b7e6f77.jpg,w_3411b9f
51e74294.jpg,w_b0e05b1
8f9800e7.jpg,w_c0d494d
c794859d.jpg,w_59eb8ae
ebfc7f6a.jpg,w_883557a
e3d7c95d.jpg,w_b942708
979aaa2d.jpg,w_3026ce2
d7c9a260.jpg,w_9948a99
d8eb38fe.jpg,w_b678944
a81e063c.jpg,w_cae7677
c2433bed.jpg,w_711aaa1
22bd7581.jpg,w_0771d4b
a75970e0.jpg,w_3674103
0caa3541.jpg,w_dc89c4c
1b023786.jpg,w_c58b474
df6e8459.jpg,w_7763134
9738a780.jpg,w_4b7b80b
34881b32.jpg,w_9b401eb
7967e4f8.jpg,w_aa16da4
a40da07c.jpg,w_da2efe0
9d3fae70.jpg,w_6361632
467e4991.jpg,w_7554f44
e545a912.jpg,w_3172910
687627e4.jpg,w_17ee910
f5d404ef.jpg,w_da63cba
0496e682.jpg,w_fd1cb9d
4531db47.jpg,w_eec1133
35e66648.jpg,w_c10ffe9
9c055a72.jpg,w_654a5bb
41e48ba4.jpg,w_89317b0
97c1a64d.jpg,w_44cccf6
15f5270e.jpg,w_1596a47
0504e8f8.jpg,w_67de30b
59b5240b.jpg,w_2730966
1ae3f511.jpg,w_95874a5
4e0bb1b2.jpg,w_44a6b62
3d39cc29.jpg,w_18eee6e
505f384d.jpg,w_b7d5069
c1bac2aa.jpg,w_dcb1f2a
5e7cdee9.jpg,w_cf00b01
0fc584fc.jpg,w_a14ccaa
5114596e.jpg,w_8867074
7f670070.jpg,w_e0efc4f
5cddbb90.jpg,w_87050a3
979c70f7.jpg,w_715d152
c392e2e5.jpg,w_2a18a44
9051d067.jpg,w_2fe43c7
5df2b62b.jpg,w_0a97a25
6687a458.jpg,w_2e872af
40172c0d.jpg,w_9b401eb
e023142f.jpg,w_7f40920
fd4fce43.jpg,w_2fd21ec
4bc0b1fe.jpg,w_73d5489
b445f714.jpg,w_2f283f3
acebb5b1.jpg,w_68820e8
682bcef4.jpg,w_86113c4
4604b292.jpg,w_1287fbc
0545526f.jpg,w_da63cba
daaf34f5.jpg,w_1dff010
b12adb8d.jpg,w_2d99a0c
21988629.jpg,w_b7d5069
c5629e60.jpg,w_eb0a6ed
307108ed.jpg,w_987a36f
42b737be.jpg,w_cf24f84
68f84490.jpg,w_243e33e
3f172b13.jpg,w_1f10750
6c8686cb.jpg,w_b9e00eb
e6ed59a0.jpg,w_6503ccd
4721b2f7.jpg,w_f8e6546
be49430c.jpg,w_9ceb05d
ebb465ae.jpg,w_883557a
aba04a2d.jpg,w_fd1cb9d
872fcbba.jpg,w_8c1e2e4
87e7cbe3.jpg,w_35063ed
0eb0a241.jpg,w_38e4aae
376ec81c.jpg,w_21e178f
c1d4e37d.jpg,w_7028d77
de688f29.jpg,w_d663f4f
bd420c2b.jpg,w_abe383e
e5aab07f.jpg,w_143b201
ea3bccc4.jpg,w_d234e6b
434cc40e.jpg,w_9875c12
df21a6b8.jpg,w_4fd48e7
08fc2ceb.jpg,w_95874a5
6af9c34b.jpg,w_d3ef4b2
99b6e425.jpg,w_89317b0
8f37e202.jpg,w_bb2d34d
26e11733.jpg,w_9122179
227ac6ba.jpg,w_cae7677
cc41db80.jpg,w_d663f4f
3522320f.jpg,w_5010531
f3339e83.jpg,w_fba3bde
6233a096.jpg,w_aae82f8
3cc95165.jpg,w_c0d494d
765a1b20.jpg,w_2d99a0c
101fb476.jpg,w_53951e6
b9cce35d.jpg,w_aeca19c
7962e1cc.jpg,w_c9e1cdc
87373984.jpg,w_b96d4e0
7cdc08aa.jpg,w_147b62b
b70126ff.jpg,w_4fb3c95
225c4dad.jpg,w_217e78a
fc6177e8.jpg,w_883557a
83feda91.jpg,w_cf00b01
fcea175a.jpg,w_2a18a44
ad845e4e.jpg,w_693c9ee
60c3e75f.jpg,w_045d9fc
25c9e881.jpg,w_5ba417d
34f70512.jpg,w_932c8cd
48261810.jpg,w_2f6a962
f9992bbb.jpg,w_c57623d
6f591a74.jpg,w_1a229eb
c2a597bb.jpg,w_e3c0ae5
bd44a0ea.jpg,w_dfec7a3
ff4bb3a4.jpg,w_2d99a0c
93e74467.jpg,w_18eee6e
2ed1414f.jpg,w_e73d83c
34aaad19.jpg,w_0e4f53c
048b9040.jpg,w_5b99089
86e00b40.jpg,w_eb0a6ed
57c4b915.jpg,w_bb2d34d
00389cd7.jpg,w_2863d51
4891188d.jpg,w_0f96780
ed7af2b5.jpg,w_db2baec
96d3ccef.jpg,w_60c5e7e
e44c4211.jpg,w_a22f338
a55b7c35.jpg,w_89d9c03
80566cc2.jpg,w_77607b5
bf647ddd.jpg,w_42f935c
23c6cdab.jpg,w_43b50e5
b8c84b33.jpg,w_cd1f1ed
8e062303.jpg,w_e0efc4f
dd6c08f2.jpg,w_86113c4
feb9ded0.jpg,w_2a939eb
1f7ac1fd.jpg,w_72e70e5
495bee16.jpg,w_b0e05b1
6954aabe.jpg,w_3d66298
207d12ff.jpg,w_e61dd6d
4c47bbea.jpg,w_6503ccd
b0550902.jpg,w_3172910
25330ad1.jpg,w_4855bd3
be2e8b7c.jpg,w_73d5489
3165dbbe.jpg,w_b678944
994546d3.jpg,w_c0d494d
dd2d5719.jpg,w_6c803bf
6c8edb3c.jpg,w_7311fe4
1ffbcbc8.jpg,w_96fd936
549e1c12.jpg,w_db2baec
d60832ab.jpg,w_4fd48e7
609b9543.jpg,w_7e8b270
221115d0.jpg,w_0e9f6d9
54c9b3ed.jpg,w_98baff9
7e0b8a41.jpg,w_0e737d0
5d36d78b.jpg,w_41ed8e8
bcd6387c.jpg,w_f0f0dbb
a66f85c4.jpg,w_f86488a
06c5c28e.jpg,w_f8e6546
21db85f5.jpg,w_c0d494d
6dca493f.jpg,w_aa16da4
c018a6ac.jpg,w_abe383e
6c596515.jpg,w_3026ce2
1288c6eb.jpg,w_654a5bb
3a32c24d.jpg,w_18df014
d989cced.jpg,w_d5ec83f
cd91f5d4.jpg,w_d9adb4f
9f9dbf24.jpg,w_e826a6f
8dacbb30.jpg,w_7554f44
b5724cc4.jpg,w_ab4cae2
e6c27b9d.jpg,w_18eee6e
f3999759.jpg,w_fe054f3
4bbbb2e3.jpg,w_3fc3d07
ed4c8bc7.jpg,w_1dc66b7
c9185c1c.jpg,w_b942708
86a50202.jpg,w_02d5fad
cd7579f1.jpg,w_9ca943b
ef7cf814.jpg,w_17e8554
26000ede.jpg,w_993d66c
6a89c1a0.jpg,w_3b0894d
cc6274ff.jpg,w_d47e2e3
9f0663ef.jpg,w_e3c119c
13611581.jpg,w_95b6cc3
917f8329.jpg,w_3d0bc7a
2cd3ebc0.jpg,w_7db10cc
51db1a79.jpg,w_32a920b
c4783988.jpg,w_c3d523d
3a29ed76.jpg,w_ee17a08
7c3ee54a.jpg,w_e826a6f
17f91b76.jpg,w_f02bf23
48642972.jpg,w_d141590
85c2d3e7.jpg,w_5cc2285
ddaee4aa.jpg,w_fd1cb9d
958a789f.jpg,w_2a18a44
356a0f87.jpg,w_711aaa1
933be6ce.jpg,w_1a70685
9bdc7d52.jpg,w_6202983
b2b82527.jpg,w_42f935c
bb4b13f1.jpg,w_6af9dd7
34cda315.jpg,w_1a229eb
a8159e50.jpg,w_b6886e5
d271f15d.jpg,w_1d53d9c
c9619e98.jpg,w_4ebeafb
64e25fd2.jpg,w_9b67e87
9aa9188e.jpg,w_2fe43c7
362218d3.jpg,w_2071a4c
faec3aea.jpg,w_a254eb0
10eb1d8b.jpg,w_9771603
01ed89f6.jpg,w_67de30b
a5855f68.jpg,w_63db6f9
0603a403.jpg,w_1287fbc
45920750.jpg,w_813c5be
72156898.jpg,w_ae07541
74666c20.jpg,w_3b3b9b2
70577256.jpg,w_6202983
cf9679b2.jpg,w_c58b474
be672908.jpg,w_0a97a25
4dbb3712.jpg,w_cd88a48
fdb4a622.jpg,w_c9e1cdc
1fb7e4c9.jpg,w_67fecca
74bb881c.jpg,w_540fd73
a858d7a4.jpg,w_2a18a44
d3af29e6.jpg,w_38e4aae
2e7518e5.jpg,w_cf24f84
28fe2871.jpg,w_1eafe46
815d7663.jpg,w_eb0a6ed
32d9e0da.jpg,w_8c1e2e4
3f0279b3.jpg,w_ee17a08
a1e85678.jpg,w_89e159a
2c183f20.jpg,w_1948625
b002c2c3.jpg,w_da2efe0
52c4da80.jpg,w_9ceb05d
d86f3fec.jpg,w_98baff9
caa4c5da.jpg,w_f0f0dbb
8bf43937.jpg,w_b729b1f
9838a980.jpg,w_ab4cae2
c5efd13e.jpg,w_f19faeb
f1c2a103.jpg,w_735ce7d
0237ca7a.jpg,w_8ba2066
02453c9f.jpg,w_b074cdf
7d7c4a84.jpg,w_89d9c03
3ee9b8b3.jpg,w_6c803bf
69f19df3.jpg,w_44f0fa2
bdf0a857.jpg,w_fe49bc4
4cceb574.jpg,w_6c899ff
396831f2.jpg,w_654a5bb
8467d731.jpg,w_73d5489
a6435fe4.jpg,w_b9f5b8b
5035ed51.jpg,w_dbda0d6
e931e3bd.jpg,w_d3c8520
60b8997f.jpg,w_b4732ef
178395e6.jpg,w_44a6b62
3173ae78.jpg,w_11adaae
42b16c1c.jpg,w_77607b5
193ae7a0.jpg,w_5297ab3
05eb989c.jpg,w_13c6b6b
2b3cb2e7.jpg,w_49bbc79
caeaaef8.jpg,w_3b3b9b2
3e3f690b.jpg,w_efd3f81
0523d3a2.jpg,w_a18d0dc
9619a097.jpg,w_f83b1f9
0ba20dd3.jpg,w_569c2c7
2c1df05d.jpg,w_41ed8e8
0512b13b.jpg,w_95874a5
6df48636.jpg,w_f18df18
50228e30.jpg,w_79b42cd
1ac8564c.jpg,w_0a97a25
4867d72c.jpg,w_21e178f
f0a33ade.jpg,w_6202983
17c6f184.jpg,w_a22f338
948dba9e.jpg,w_02d5fad
171b6d0f.jpg,w_8b56cb1
f2c71e6e.jpg,w_18eee6e
a176d744.jpg,w_4fd48e7
bd069141.jpg,w_d9055d1
f4d3624e.jpg,w_96fd936
2026f029.jpg,w_987a36f
8eaafd3a.jpg,w_853c1f7
580d89ac.jpg,w_a25caa9
4da60e64.jpg,w_7db10cc
548fa323.jpg,w_8c1e2e4
22a9606a.jpg,w_fd1cb9d
afc114b6.jpg,w_1dff010
e1313b0f.jpg,w_44a6b62
04d2b8a3.jpg,w_9ea2cc3
56d59949.jpg,w_c0d494d
433a6400.jpg,w_73d5489
cb489c42.jpg,w_dad23fa
0dacddec.jpg,w_3d0bc7a
9199bbd0.jpg,w_b9e00eb
a8a7c4d2.jpg,w_fa32440
3ef20ba9.jpg,w_dcb1f2a
01e37453.jpg,w_778ee6e
fc8e2b9f.jpg,w_932c8cd
7b387280.jpg,w_fd1cb9d
1382e96f.jpg,w_f19faeb
387bbf6b.jpg,w_fe054f3
ccfe85e0.jpg,w_b942708
eba93d4f.jpg,w_d9adb4f
2c770a16.jpg,w_e54feba
a3ce30c6.jpg,w_fa32440
31f67427.jpg,w_95874a5
cc2ea3f1.jpg,w_861cc1c
9d4ec8e6.jpg,w_a837660
5d9fece1.jpg,w_98baff9
ec391cfa.jpg,w_516bedb
f7f53ac0.jpg,w_2fe43c7
76611f14.jpg,w_44cccf6
be6215c7.jpg,w_e73d83c
7952c17c.jpg,w_32a920b
5b51fb6b.jpg,w_7763134
2cc4e686.jpg,w_0b04c08
b13b33e0.jpg,w_3061bdd
b7a6bf63.jpg,w_1632307
00eab0e6.jpg,w_886257d
0e2bee83.jpg,w_77e1d3f
2e8b0594.jpg,w_516bedb
1247e239.jpg,w_43b50e5
b31b4c6b.jpg,w_4e68ddc
2c3b34a3.jpg,w_1287fbc
8cd71ca5.jpg,w_94cd45e
4e4bcb45.jpg,w_9b67e87
cd3f2635.jpg,w_e02fe7b
50b62a8e.jpg,w_d3c8520
830efd45.jpg,w_98baff9
080fd2a9.jpg,w_aeca19c
0fc63e94.jpg,w_9771603
b365c6e1.jpg,w_b729b1f
e541e88a.jpg,w_89317b0
7ad45b3e.jpg,w_86113c4
7fdd9b06.jpg,w_0bc712b
c6876a91.jpg,w_1e3ce01
bff7c8d1.jpg,w_8c1dab2
8b45f35d.jpg,w_abe383e
3f7b67ac.jpg,w_8bde95b
0fbc91d1.jpg,w_d5ec83f
97acf51b.jpg,w_5f50b5e
81c98174.jpg,w_53951e6
87cb279c.jpg,w_95874a5
4b6a4b19.jpg,w_02facde
b315fcbb.jpg,w_b8dff40
6949b17b.jpg,w_02facde
0fcbbfeb.jpg,w_73b705e
e2273a7f.jpg,w_e02fe7b
3ce7d968.jpg,w_12cdfbd
da1df29f.jpg,w_aae82f8
5bc7b50b.jpg,w_eb0a6ed
56b78981.jpg,w_62f804d
557387cb.jpg,w_b96d4e0
78222036.jpg,w_dbda0d6
92e33de7.jpg,w_dbda0d6
4042398c.jpg,w_43be268
72d59783.jpg,w_987a36f
70500182.jpg,w_f19faeb
10e60875.jpg,w_25d7f93
d8e556b5.jpg,w_bbf20b4
70d6bf9e.jpg,w_63db6f9
f39d445f.jpg,w_38e4aae
42d0ab1b.jpg,w_656afeb
338b0add.jpg,w_68820e8
9cadcad7.jpg,w_ee17a08
c29996d3.jpg,w_ea2385d
dd96de54.jpg,w_8d83172
94b86b9f.jpg,w_d3ef4b2
3d529924.jpg,w_b729b1f
564baf5a.jpg,w_d22af00
72ef4e0f.jpg,w_1a70685
af69a29c.jpg,w_434ad6a
487f8abe.jpg,w_e61dd6d
7c6cb548.jpg,w_217e78a
04fcc7f0.jpg,w_1d53d9c
196d9d20.jpg,w_861cc1c
3f4cf803.jpg,w_13c6b6b
e5c97852.jpg,w_71764b4
7856b430.jpg,w_376a413
4edb558e.jpg,w_9db9ef5
d8e7d320.jpg,w_53064a6
3503121d.jpg,w_fa32440
11c6a61b.jpg,w_b6689cc
4ca167b7.jpg,w_2f283f3
dbece6c1.jpg,w_e54feba
70cd3cf2.jpg,w_5c07f42
ea6b731b.jpg,w_5cc2285
2426e8c3.jpg,w_c58b474
b0d3ae78.jpg,w_9b401eb
9523828c.jpg,w_fd07344
627a81f5.jpg,w_8b56cb1
b5c23b76.jpg,w_2d99a0c
2a50b228.jpg,w_0bc712b
417899af.jpg,w_44cccf6
02916b71.jpg,w_73d5489
520f326a.jpg,w_95b6cc3
7224bdff.jpg,w_11adaae
e16bdbc0.jpg,w_cf24f84
348081f7.jpg,w_35063ed
160e0dcb.jpg,w_c0d494d
a46f9b05.jpg,w_5a81425
ae0f1a40.jpg,w_ee17a08
e453b243.jpg,w_2071a4c
9c2ba7b4.jpg,w_43be268
bbdafbfb.jpg,w_3d66298
9f163303.jpg,w_b0e05b1
a9b46187.jpg,w_b6886e5
c837a3ef.jpg,w_d22af00
fbb679be.jpg,w_693c9ee
1e1fe67e.jpg,w_ace8c54
8dfb492c.jpg,w_b9f5b8b
97f7fb07.jpg,w_1287fbc
e55c8247.jpg,w_67599af
c35748a7.jpg,w_0771d4b
7558c7ff.jpg,w_17ee910
3e9c14ff.jpg,w_9ca943b
ae2e4364.jpg,w_e3c0ae5
e7a9b237.jpg,w_932c8cd
f0b8e93c.jpg,w_18eee6e
5a54ab49.jpg,w_fd1cb9d
87649728.jpg,w_1287fbc
0749d9c2.jpg,w_71c7322
cd2a01bc.jpg,w_89e159a
fc09fb19.jpg,w_0bc712b
f64b0b01.jpg,w_569c2c7
8553319b.jpg,w_bdbec6c
f1730cef.jpg,w_b0e05b1
80ecb822.jpg,w_8ecd3a7
2f899d4d.jpg,w_dcb1f2a
dcfa710f.jpg,w_78f2e92
2b354b5d.jpg,w_13c6b6b
4f04dff8.jpg,w_8db45b7
fd0c8231.jpg,w_89e159a
8dcf9b31.jpg,w_97f5054
89058f20.jpg,w_0e737d0
0993be71.jpg,w_c00534d
43577066.jpg,w_d382236
90a773f8.jpg,w_0d39a68
b7e032c9.jpg,w_8ecd3a7
0a904007.jpg,w_73d5489
be41e022.jpg,w_2a939eb
be78a121.jpg,w_c27d036
cb6b11e9.jpg,w_1dff010
44b6aa67.jpg,w_ace8c54
1176f814.jpg,w_0e4f53c
3a75f57a.jpg,w_f81c626
5f7df0f7.jpg,w_17ee910
93613295.jpg,w_e61dd6d
1d586b2b.jpg,w_bbf20b4
ef4108d9.jpg,w_0d39a68
d1fc97c1.jpg,w_98baff9
44eb9b89.jpg,w_b0e05b1
f9387bed.jpg,w_ee17a08
1d22d565.jpg,w_33973bf
7f9d8c85.jpg,w_4fb3c95
1c35a699.jpg,w_5ba417d
13dc9229.jpg,w_3d66298
a453f571.jpg,w_89e159a
b0412f41.jpg,w_693c9ee
112fab67.jpg,w_c0d494d
72e74903.jpg,w_b678944
141eed20.jpg,w_fba3bde
79240c42.jpg,w_b9e00eb
561ab2d0.jpg,w_b9e00eb
263246e0.jpg,w_f5b8faf
5871e557.jpg,w_7763134
44d5c23c.jpg,w_2dae424
53c207cf.jpg,w_94cd45e
fa8ed4af.jpg,w_43be268
2b508898.jpg,w_cb7b682
be504bb3.jpg,w_eec1133
6a1edcf7.jpg,w_3cf3853
fa5ed9f9.jpg,w_bdbec6c
fc29d7ce.jpg,w_7b035cc
9aa962bf.jpg,w_f83b1f9
5ce1fb58.jpg,w_dc89c4c
1fb990d1.jpg,w_f19faeb
a298fffa.jpg,w_c27d036
b7bd7c98.jpg,w_6d4dedc
ed93f270.jpg,w_cd1f1ed
fe4fa036.jpg,w_5b99089
92518d0c.jpg,w_3a9ee71
677a1285.jpg,w_0e737d0
59dfb4e2.jpg,w_40323ac
78eb1f86.jpg,w_5f50b5e
640f937a.jpg,w_cef690d
9229a511.jpg,w_62f804d
1e0d9e64.jpg,w_67de30b
7a8d8b83.jpg,w_ba8c7bc
ab431ad0.jpg,w_6c803bf
511f5932.jpg,w_b8dff40
808a917f.jpg,w_5a81425
b7e056f2.jpg,w_2d99a0c
0d2110ff.jpg,w_398aa7f
e0d5fbdd.jpg,w_a254eb0
e1c5e448.jpg,w_59eb8ae
b3ddccca.jpg,w_9c5ed68
efee2355.jpg,w_0e9f6d9
ad93fef6.jpg,w_b729b1f
742bb8ee.jpg,w_3026ce2
d98397f9.jpg,w_44f0fa2
35c8e1ba.jpg,w_989fbbb
0d20a02f.jpg,w_1596a47
f01d4fa9.jpg,w_af890ad
37bc38b7.jpg,w_c30959a
71afa981.jpg,w_813c5be
7f79121f.jpg,w_b0e05b1
9150ea8a.jpg,w_97f5054
0b352859.jpg,w_f8e6546
af63bc1d.jpg,w_4b7b80b
e33261e6.jpg,w_6af9dd7
ae425962.jpg,w_3026ce2
b1dc9839.jpg,w_ab4cae2
a28721d2.jpg,w_4e52a49
f974a945.jpg,w_993d66c
ad019a08.jpg,w_b074cdf
faed814e.jpg,w_62f804d
81c80930.jpg,w_0e737d0
10971b3f.jpg,w_a22f338
65373147.jpg,w_883557a
72cd00be.jpg,w_8db45b7
c49810b8.jpg,w_d89b29e
fa161e8b.jpg,w_64f3545
1351db8d.jpg,w_d36f58c
48de3384.jpg,w_ef2f0f0
c035a39c.jpg,w_d36f58c
5d72e57d.jpg,w_569c2c7
ec4a730b.jpg,w_3411b9f
d209b473.jpg,w_f6fb689
f101b6be.jpg,w_6c803bf
85475f9f.jpg,w_fd1cb9d
a2aff525.jpg,w_b688397
7471f867.jpg,w_f4e0748
db9e8d8f.jpg,w_44f0fa2
ca426c3a.jpg,w_b9e00eb
dd5ec680.jpg,w_d5ec83f
c800410d.jpg,w_0408054
b1faef42.jpg,w_a14ccaa
6f6d346d.jpg,w_4855bd3
f6000e1a.jpg,w_217e78a
4bc40c3e.jpg,w_b6410bc
26bbcb80.jpg,w_4659acf
e05a83b0.jpg,w_9e1e818
09b893e6.jpg,w_4b7b80b
ded233ca.jpg,w_ee17a08
ad1d09e3.jpg,w_2fd21ec
9fbfc337.jpg,w_721d2e9
3dc50b96.jpg,w_6d17527
f32a1c5d.jpg,w_1632307
2fdd14f7.jpg,w_fd1cb9d
7668456a.jpg,w_1a5e7a2
3e69d7da.jpg,w_2863d51
6a179092.jpg,w_2a939eb
c1f2d3a2.jpg,w_4c9d3df
f8c56933.jpg,w_4b7b80b
f86e1863.jpg,w_8c1ec28
216bf1fd.jpg,w_3694c7d
b5bbe26a.jpg,w_5f82501
d430c40b.jpg,w_af890ad
a596311e.jpg,w_abe383e
ca6dcefd.jpg,w_f8e6546
624aaf43.jpg,w_43be268
827a007f.jpg,w_2fd21ec
256e3c20.jpg,w_a14ccaa
667a6ea6.jpg,w_3b0894d
9d7b9c87.jpg,w_e59294d
4d732f4d.jpg,w_12cdfbd
20c0159d.jpg,w_1a70685
e8524269.jpg,w_9ceb05d
1ebd8ea1.jpg,w_8867074
59d3506a.jpg,w_dbda0d6
47edbf98.jpg,w_60c5e7e
f08d46f5.jpg,w_2863d51
8b419ccb.jpg,w_f19faeb
aefb138a.jpg,w_576db5d
840c95a1.jpg,w_9948a99
55dca6a9.jpg,w_67de30b
f71a6dd4.jpg,w_dbda0d6
02e6188b.jpg,w_d3c8520
9659141c.jpg,w_656afeb
ed3dfa85.jpg,w_fe49bc4
d03dcbc0.jpg,w_8fab53d
2f45cc3f.jpg,w_98baff9
9d596f1e.jpg,w_d9adb4f
2465b35b.jpg,w_8c1ec28
a7929dde.jpg,w_540fd73
05ebc21b.jpg,w_b942708
5c52b8e8.jpg,w_aa7e5f4
08082d1f.jpg,w_9c5ed68
58f3cd6a.jpg,w_44cccf6
63b77047.jpg,w_1596a47
69a52aa0.jpg,w_fba3bde
0a96b20e.jpg,w_3cf3853
0e8c8c34.jpg,w_4855bd3
9cfd9d9e.jpg,w_d2be6cc
4b5daaf4.jpg,w_ace8c54
8954ce64.jpg,w_cae7677
5e58b177.jpg,w_c1b685f
1e976db7.jpg,w_73d5489
3358544d.jpg,w_02facde
f80c59d4.jpg,w_dad23fa
4b6430d7.jpg,w_35063ed
05cc223e.jpg,w_a2a1378
efcf3af9.jpg,w_d382236
5cd2b1d5.jpg,w_693c9ee
14be1a9e.jpg,w_f5b8faf
ff6946b4.jpg,w_17ee910
e86e3b6b.jpg,w_1c69443
b6b66ef0.jpg,w_7c7a78c
db7c77c9.jpg,w_9cb529f
8ad2abd9.jpg,w_43be268
4210de9f.jpg,w_d7de1ee
210c91fd.jpg,w_735ce7d
e278bd28.jpg,w_9ceb05d
c0260cfe.jpg,w_c30959a
16f2541d.jpg,w_aae82f8
33f34794.jpg,w_a254eb0
fa393b35.jpg,w_89e159a
360be140.jpg,w_c622a3f
c6535252.jpg,w_95b6cc3
d5e47727.jpg,w_62f804d
161aecc9.jpg,w_4a78bf2
8cbb189b.jpg,w_63db6f9
afa97441.jpg,w_3061bdd
b97da90d.jpg,w_376a413
d80c93c2.jpg,w_6af9dd7
40e10ef0.jpg,w_0e4f53c
b965eae9.jpg,w_f115d53
97b22b18.jpg,w_9ea2cc3
f94da73a.jpg,w_c027e4e
49d9efc3.jpg,w_9db9ef5
c7b7a407.jpg,w_e54feba
3b82237b.jpg,w_9771603
921971c1.jpg,w_4659acf
435629c1.jpg,w_d3ce445
30cb064a.jpg,w_d19a884
408cc669.jpg,w_c00534d
7d06dd74.jpg,w_3d66298
cf447b12.jpg,w_e61dd6d
c18a06e6.jpg,w_73d5489
4912deea.jpg,w_b688397
9df8cb90.jpg,w_7b035cc
47e1192d.jpg,w_1eafe46
4cf1386d.jpg,w_dbda0d6
a23d95cc.jpg,w_715d152
33080aa5.jpg,w_e7a238b
8a0c52c4.jpg,w_fd1cb9d
f063a55b.jpg,w_147b62b
f4874e3d.jpg,w_b4732ef
42530ad2.jpg,w_6c803bf
0c589ccc.jpg,w_b074cdf
52bb8276.jpg,w_2e872af
084a3e34.jpg,w_cf00b01
db0c8657.jpg,w_4fb3c95
6a5ddf81.jpg,w_0f96780
c5b95e5f.jpg,w_f02bf23
e54f2efc.jpg,w_43be268
bb78c957.jpg,w_c58b474
477b0dd9.jpg,w_4659acf
e44c8ea0.jpg,w_b96d4e0
1efa630a.jpg,w_338b130
f4779fcd.jpg,w_4b7b80b
6d37a125.jpg,w_cf00b01
e1134835.jpg,w_540fd73
e30bd230.jpg,w_b678944
e9342cd8.jpg,w_b942708
960ec605.jpg,w_b7d5069
7c9d367e.jpg,w_8867074
9efb314b.jpg,w_ab4cae2
e2b9560b.jpg,w_2dae424
cad01d6f.jpg,w_4e52a49
29aac49f.jpg,w_a254eb0
d2ef8e79.jpg,w_a254eb0
7eaef233.jpg,w_b3e6069
5078e9d1.jpg,w_95874a5
d9908eed.jpg,w_338b130
798e0c06.jpg,w_d88328d
4123189d.jpg,w_efd3f81
fa617666.jpg,w_8ecd3a7
2c2a91c0.jpg,w_1a229eb
59c11130.jpg,w_43be268
d20e7a91.jpg,w_6af9dd7
6f1d27f6.jpg,w_cae7677
415bbd5d.jpg,w_aa7e5f4
d716822d.jpg,w_e54feba
e4a44402.jpg,w_4ebeafb
41e899a8.jpg,w_540fd73
3f9916de.jpg,w_0beef28
8c63cd01.jpg,w_dad23fa
6d82e3d0.jpg,w_1287fbc
6c5ad43e.jpg,w_0e737d0
06252a55.jpg,w_b688397
43893a0d.jpg,w_bf38f05
ea454d97.jpg,w_fc7cc24
0fa2da8f.jpg,w_97f5054
3fd23941.jpg,w_1eafe46
38464f93.jpg,w_e61dd6d
39ff73b1.jpg,w_a59905f
6fac3f5e.jpg,w_8c1dab2
b2901002.jpg,w_ddbf533
a81575b3.jpg,w_8fab53d
f61f4cb3.jpg,w_ab4cae2
83a5d474.jpg,w_ddbf533
7570842e.jpg,w_d88328d
7e7e7aa7.jpg,w_813c5be
a5b67e0d.jpg,w_9ea2cc3
d02b1784.jpg,w_1287fbc
ae3108b5.jpg,w_86113c4
f1357c4b.jpg,w_b7d5069
6f3b1c6d.jpg,w_da2efe0
49a20cb8.jpg,w_98baff9
b9657d72.jpg,w_0beef28
f3e39b20.jpg,w_f86488a
711b0ecf.jpg,w_9ca943b
bc1afc2c.jpg,w_1596a47
675f9894.jpg,w_434ad6a
35551004.jpg,w_17ee910
8692887e.jpg,w_5b99089
eecb22be.jpg,w_2b939eb
b8d411ef.jpg,w_7e8b270
0ee2d16d.jpg,w_49bbc79
35dbbdd4.jpg,w_3b0894d
3a935629.jpg,w_48a98d7
81b114b9.jpg,w_c9e1cdc
dcf16cff.jpg,w_dcb1f2a
6589835f.jpg,w_4e68ddc
1974ae44.jpg,w_6202983
95d6440c.jpg,w_8867074
0b43e675.jpg,w_eb0a6ed
ee3e0557.jpg,w_98baff9
a26f9dbd.jpg,w_886257d
93d4122e.jpg,w_ab4cae2
511d1b7d.jpg,w_94cd45e
dde880b2.jpg,w_569c2c7
7b87707a.jpg,w_12f2352
29b159bd.jpg,w_7c7a78c
39dc989e.jpg,w_398aa7f
ca39071f.jpg,w_1eafe46
01981e98.jpg,w_f19faeb
9c855d38.jpg,w_17e8554
b1b3fc53.jpg,w_9e1e818
0e672fdd.jpg,w_66c1b54
742034ab.jpg,w_6202983
e8b0cc75.jpg,w_60c5e7e
9e54b96c.jpg,w_f8e6546
5358e69d.jpg,w_b0e05b1
c376b46c.jpg,w_dbda0d6
8f62eea0.jpg,w_b96d4e0
95c0cfd8.jpg,w_abe383e
0be30752.jpg,w_2071a4c
7f323593.jpg,w_3197568
c694616d.jpg,w_c00534d
abe596af.jpg,w_cd1f1ed
9f982966.jpg,w_a18d0dc
ff0d2705.jpg,w_4e52a49
241ad6d0.jpg,w_2d99a0c
eb2b9a57.jpg,w_6503ccd
30956761.jpg,w_18eee6e
e8fb34af.jpg,w_a59905f
8f0109bc.jpg,w_e45bc18
8e36732b.jpg,w_efd3f81
0a254aa7.jpg,w_9b401eb
7102081d.jpg,w_44a6b62
6fd6a02c.jpg,w_7e8b270
615cf3af.jpg,w_861cc1c
a946daad.jpg,w_d382236
240180f3.jpg,w_77e1d3f
f060966d.jpg,w_57c8da9
69acdf57.jpg,w_3fc3d07
46b5d2dd.jpg,w_8db45b7
6d5e2850.jpg,w_a21cc97
8e232bdf.jpg,w_ab4cae2
e71a9d7d.jpg,w_837646b
0c222bc2.jpg,w_7028d77
8595b39a.jpg,w_bf38f05
1237e81d.jpg,w_49bbc79
15b876d6.jpg,w_5010531
7993a1b3.jpg,w_b8dff40
37a00497.jpg,w_0e4f53c
5d720476.jpg,w_e7a238b
bcdc15aa.jpg,w_b9f5b8b
00f4c92c.jpg,w_9ea2cc3
a03f5f65.jpg,w_1948625
51f6b1b1.jpg,w_d382236
1d2c3bca.jpg,w_18eee6e
a5143f10.jpg,w_4a78bf2
59cf5800.jpg,w_9db9ef5
f56e9692.jpg,w_1a5e7a2
2b4826af.jpg,w_9ca943b
5ef701c1.jpg,w_ae07541
1c2e3696.jpg,w_da2efe0
50ada087.jpg,w_d9055d1
1cd1288b.jpg,w_993d66c
2f0c9b74.jpg,w_540fd73
00b7de10.jpg,w_97f5054
cb4e2446.jpg,w_9b67e87
738fb42a.jpg,w_1287fbc
843d1213.jpg,w_4a78bf2
1630467f.jpg,w_aeca19c
8a02ac88.jpg,w_17ee910
03322101.jpg,w_9b401eb
283e2ff2.jpg,w_a254eb0
cac20f95.jpg,w_abe383e
2f4347f4.jpg,w_56bbc91
facbd651.jpg,w_59eb8ae
8a9a05b0.jpg,w_045d9fc
5ce3d86a.jpg,w_18a854b
aceff61c.jpg,w_eac205a
8532d0d6.jpg,w_e02fe7b
85fb67c9.jpg,w_7b035cc
2ebde5ae.jpg,w_9ec358c
ea291015.jpg,w_bb2d34d
91574bce.jpg,w_6503ccd
81bd5469.jpg,w_143b201
9dbc01ee.jpg,w_861cc1c
56687e48.jpg,w_67de30b
462ea945.jpg,w_9ceb05d
fea13a5a.jpg,w_9ca943b
40906ec9.jpg,w_0beef28
8080bd6b.jpg,w_43be268
7e058251.jpg,w_7b035cc
ba8cd404.jpg,w_93bf889
52a00a13.jpg,w_d22af00
7fce2c3f.jpg,w_4e52a49
2f540242.jpg,w_8e451d9
0c5de573.jpg,w_47d2bc6
06ab0bdc.jpg,w_1a70685
1fa33d52.jpg,w_f5b8faf
eb356fbc.jpg,w_d9055d1
6181edee.jpg,w_715d152
b55dfdc6.jpg,w_552a16e
c0838719.jpg,w_98baff9
651da09e.jpg,w_8d83172
af057d8c.jpg,w_38e4aae
cf4e8864.jpg,w_056be75
039b1c58.jpg,w_8b22583
1fa625f2.jpg,w_4fdaa2a
f4195276.jpg,w_9205d40
84e03d8e.jpg,w_3449e4f
d9726a12.jpg,w_662a132
c9144fba.jpg,w_8158b1f
d1dde02e.jpg,w_e158680
af42dfa9.jpg,w_2fd73d9
51e4b062.jpg,w_e6f5e09
0c6170eb.jpg,w_a646643
454637db.jpg,w_c128384
15a1ad1d.jpg,w_1272a31
7fb34057.jpg,w_e62b5d8
788b89ef.jpg,w_462a117
ae440df1.jpg,w_9205d40
c0d18a62.jpg,w_8c605d2
df93cd62.jpg,w_b41e229
047b1d89.jpg,w_b34793e
a27b5ac0.jpg,w_f014da3
ed0f759b.jpg,w_7c44934
056b05e2.jpg,w_fb94a5a
e8862ff2.jpg,w_33e89be
16da8edb.jpg,w_4c8e7ae
366ef2ea.jpg,w_f7a0fd7
3f75c72b.jpg,w_9b6b87d
70953372.jpg,w_63d10a1
600ce43c.jpg,w_e964ae8
0a3dbc55.jpg,w_8201aa8
d701492e.jpg,w_2a04ceb
0c6eb67b.jpg,w_680e011
27ea48a8.jpg,w_8459e39
b3563500.jpg,w_ab6bb0a
c2b161db.jpg,w_7377b2b
9d31ac18.jpg,w_ca5f17f
6df9d04b.jpg,w_2e4fecc
04867dab.jpg,w_5cb5fc3
58947d83.jpg,w_b329c00
c664e85b.jpg,w_81b402a
0f776f50.jpg,w_8507226
16f0ccef.jpg,w_92585eb
7c409f8e.jpg,w_8b15b96
d584bbfe.jpg,w_c128384
3c9e014a.jpg,w_9d0e84a
2353565f.jpg,w_817f022
0b4694ad.jpg,w_35c8057
0b31b634.jpg,w_8459e39
921f211a.jpg,w_54c00ad
c2780bbc.jpg,w_491607b
7498e803.jpg,w_2a9727c
8333caf8.jpg,w_e5250e9
04b88a95.jpg,w_302af0a
a80d4d06.jpg,w_230a0de
6f334406.jpg,w_cbedcb0
de72afa6.jpg,w_dbc4dcc
444c12a8.jpg,w_3449e4f
40c9509b.jpg,w_ee948c6
d770d3e3.jpg,w_c6be61e
97a9fbfd.jpg,w_bbc2a14
44af186f.jpg,w_9b6b87d
bf7d32e8.jpg,w_6dbb861
b305f585.jpg,w_1911cbb
2df20884.jpg,w_1d05772
afc2d03a.jpg,w_85f9040
2b2145de.jpg,w_f21f2ec
c0a25e74.jpg,w_2a04ceb
2deae191.jpg,w_62c3998
4032a5d9.jpg,w_a533837
cb348ef2.jpg,w_7875b79
24fc4af0.jpg,w_9989964
c25b59a4.jpg,w_f546b0a
e5c95a7f.jpg,w_c0f3e88
c6f08162.jpg,w_60cc444
0d10afed.jpg,w_851a7f4
dbd5650d.jpg,w_77e1ae3
627ad5d5.jpg,w_e449d3a
f8b7e74f.jpg,w_09d7946
3aae2e8e.jpg,w_62c3998
e3bcf806.jpg,w_70a31ce
1d99b20e.jpg,w_ba17206
d08b2149.jpg,w_f843a8d
72ff7354.jpg,w_89e451c
9a85182c.jpg,w_48dd419
1cda3adf.jpg,w_ffa78a5
f2d976c1.jpg,w_eea20c4
f181488d.jpg,w_1272a31
beef107b.jpg,w_7b770ec
f70aaa64.jpg,w_9d704ab
daabe7df.jpg,w_22bcbd6
4ac32a22.jpg,w_81b402a
ae8aa8b1.jpg,w_a646643
3e093171.jpg,w_fce6ab2
d567c5ee.jpg,w_99ad599
2f3ec8a6.jpg,w_b33e728
ef50f924.jpg,w_4378542
3375722d.jpg,w_6b03eb4
fa8aa8ea.jpg,w_073b15e
b1d889f8.jpg,w_3e1ba5b
b0245549.jpg,w_ee948c6
453e7bcb.jpg,w_3b99025
7be93656.jpg,w_8a31e6c
d289e8ab.jpg,w_8f1aa27
4996b7bc.jpg,w_35c8057
04b3714e.jpg,w_37dd956
ec7d91d0.jpg,w_0ebd514
2b6fb3cd.jpg,w_87e8446
6416db8e.jpg,w_b0aed4a
da43dce7.jpg,w_6fcceaf
04ce734a.jpg,w_09d7946
88730d5d.jpg,w_83714b7
919d9068.jpg,w_8507226
4330d0fb.jpg,w_9ae554b
376baa5c.jpg,w_76d2cce
a66829bd.jpg,w_cbedcb0
ac2801ff.jpg,w_e5250e9
5dd10bac.jpg,w_e62b5d8
fd4d499a.jpg,w_f014da3
cadc5708.jpg,w_3d4900b
c1c44589.jpg,w_8464638
a3c4cb3f.jpg,w_e449d3a
c98e3115.jpg,w_3d4900b
7e5496b3.jpg,w_0819271
bc25e373.jpg,w_0d049cf
53377226.jpg,w_02c9470
1ab75585.jpg,w_ddad87e
ff92447f.jpg,w_372ae75
78ed625b.jpg,w_230a0de
830eeeb0.jpg,w_87e8446
d69146c9.jpg,w_307065e
f7defd2d.jpg,w_33b9360
b9688c4b.jpg,w_ff70408
1280618a.jpg,w_ffa78a5
30fd58e5.jpg,w_5c6215c
a0e1f3da.jpg,w_272259b
43647360.jpg,w_7dee51b
38dda79a.jpg,w_a1350a7
b235d8e7.jpg,w_e69cef0
0eff71ec.jpg,w_19a5685
1d7c26c9.jpg,w_dbc4dcc
e93aded0.jpg,w_515838e
a7fe5fa0.jpg,w_61d516e
4c1ee11f.jpg,w_b6c4efa
5f17a866.jpg,w_eb47189
943cb663.jpg,w_b4ad62f
31445067.jpg,w_3621c49
3153b972.jpg,w_3e1ba5b
e18f2cb6.jpg,w_19a5685
ffa6b9ac.jpg,w_edf5f77
e39b55ef.jpg,w_ddad87e
84ffe47c.jpg,w_8c605d2
974dc5fc.jpg,w_96c141f
f1afbb48.jpg,w_22bcbd6
f8d2db74.jpg,w_e156c87
184cf2e4.jpg,w_296749b
643b8c32.jpg,w_50db782
40f298b5.jpg,w_8464638
53b78d78.jpg,w_218b25e
fae8e8dd.jpg,w_20c671c
5b9748b5.jpg,w_6734e40
932a87a3.jpg,w_3b99025
c10a3c48.jpg,w_a965f14
a683afab.jpg,w_51969d2
03fe05bc.jpg,w_3621c49
8599ef31.jpg,w_b47a4a1
be02ff00.jpg,w_f64658b
9855e275.jpg,w_81b402a
d737bb2b.jpg,w_e3c1ec4
c2e96c8c.jpg,w_773509f
6833e195.jpg,w_9c3db0a
f39fcfa9.jpg,w_70daaba
17e511e6.jpg,w_48bcad8
7a4ae091.jpg,w_2832e90
d723be72.jpg,w_680e011
cf8e48e4.jpg,w_6b03eb4
ad101a03.jpg,w_a494171
d0013ecc.jpg,w_9d704ab
33fca7d2.jpg,w_676ddb0
c795c523.jpg,w_0ead9d7
4a1f379f.jpg,w_b5e3076
56cb8331.jpg,w_9caed77
67595b14.jpg,w_41fa033
819832c0.jpg,w_eb8429c
dd040fb6.jpg,w_e09e886
d132b938.jpg,w_4c25641
a49b519c.jpg,w_7dee51b
a915993a.jpg,w_41da937
e5063215.jpg,w_a494171
ee40fe42.jpg,w_6e47e0e
eb3557dd.jpg,w_e548eb7
01228da4.jpg,w_51969d2
a9e5d5aa.jpg,w_42c631a
fbbeb867.jpg,w_414a0d7
05562539.jpg,w_a91b997
d8aac0dd.jpg,w_69185bb
bf25ae2e.jpg,w_4b04829
eb07310f.jpg,w_37223f9
0e9ed45b.jpg,w_f546b0a
669fc7cf.jpg,w_3a78626
4b77b77a.jpg,w_773509f
1d384cc2.jpg,w_5817e08
a72230e1.jpg,w_7e93962
e8914bec.jpg,w_affdf5d
ee02e222.jpg,w_7377b2b
0162c72f.jpg,w_307065e
09b39d03.jpg,w_3b5403b
986ac34b.jpg,w_b34793e
38313189.jpg,w_222dcb7
de23d3ca.jpg,w_34c4927
cba74978.jpg,w_bbc2a14
7412cbfc.jpg,w_b47a4a1
9d2cf6ab.jpg,w_5cb5fc3
0c8baedc.jpg,w_d224115
47dc9a24.jpg,w_f21f2ec
95e97b79.jpg,w_35c8057
13904090.jpg,w_64830fa
25132775.jpg,w_6710cf8
dd5e72a3.jpg,w_2a9727c
1ed3efdf.jpg,w_6e47e0e
c92d86b5.jpg,w_9434f0c
a6a11856.jpg,w_dbc4dcc
f7f0ffae.jpg,w_de3cab3
7d0f4048.jpg,w_218b25e
0037e7d3.jpg,w_50db782
236fa31d.jpg,w_e4d3ec3
5c4a0864.jpg,w_9d704ab
0e923527.jpg,w_a5a13d0
f0b5129d.jpg,w_2fd73d9
88a3a2e6.jpg,w_6092d5c
1b2d698e.jpg,w_6f580eb
a9daf950.jpg,w_dd52cfc
d576c13d.jpg,w_3aa2073
cc657811.jpg,w_851a7f4
e780d73c.jpg,w_8376b7e
683fbc9a.jpg,w_3b99025
64d23428.jpg,w_099ab25
47df88a5.jpg,w_eb39613
f2451b82.jpg,w_74e15fc
dd4b041f.jpg,w_5cb5fc3
58b5e338.jpg,w_5f7c402
00ab018e.jpg,w_51969d2
20ffe96f.jpg,w_7377b2b
8b877559.jpg,w_48dd419
2496a4a9.jpg,w_a965f14
6495c010.jpg,w_db3621e
6e1465f2.jpg,w_78999a6
42705ffb.jpg,w_eb47189
b3d3c37e.jpg,w_414a0d7
1ef74f5b.jpg,w_f208155
21f7a742.jpg,w_073b15e
ce3fec37.jpg,w_a91b997
1391f145.jpg,w_a01d903
96c42016.jpg,w_8643ba3
ba63247a.jpg,w_be4d5b8
2ba0bcb7.jpg,w_f64658b
b207acfa.jpg,w_86b3f04
617d7f50.jpg,w_ebe0ad5
76e57206.jpg,w_759b647
a5fd21da.jpg,w_3b5403b
c27b2feb.jpg,w_eb47189
2a1694a4.jpg,w_0ead9d7
08b158fd.jpg,w_77e1ae3
4000acd1.jpg,w_6fcceaf
4d122bbd.jpg,w_ddad87e
34f1fcc2.jpg,w_8459e39
890fbb55.jpg,w_2482b4a
d501373a.jpg,w_3fcb80e
ccb8c993.jpg,w_d9fdd15
e6da243d.jpg,w_2ac83b0
c37390cf.jpg,w_bf4880a
11f6378a.jpg,w_fb94a5a
6cbca8d3.jpg,w_5ae47d9
523fb23e.jpg,w_9ae554b
095e2b1a.jpg,w_b6c4efa
f936ba5c.jpg,w_70daaba
4ad065f3.jpg,w_c6be61e
bba77ba7.jpg,w_4378542
79954236.jpg,w_db3621e
c3fd03e4.jpg,w_733fe81
dd8a0924.jpg,w_ffa78a5
ae0da61c.jpg,w_f208155
34042215.jpg,w_38b1edd
3a56a853.jpg,w_d037229
60f14156.jpg,w_affdf5d
9fc1aad4.jpg,w_e69cef0
7f895354.jpg,w_402784d
e0749c22.jpg,w_3d8c865
24bb2882.jpg,w_824f286
057ce740.jpg,w_e158680
91450bd0.jpg,w_7e93962
aa420371.jpg,w_759b647
7caff33a.jpg,w_44f66a7
e4ed1eae.jpg,w_a01d903
3111a9de.jpg,w_9d0e84a
34385e12.jpg,w_b41e229
91392f4f.jpg,w_59349ea
576b34f3.jpg,w_4b04829
2204a66c.jpg,w_54fc5b3
57d96cba.jpg,w_8a31e6c
d6f06735.jpg,w_8861715
b017f67f.jpg,w_4a7080a
0595cef3.jpg,w_296749b
2f527a19.jpg,w_62c3998
9b462c30.jpg,w_b33e728
637bfd77.jpg,w_e548eb7
e449608d.jpg,w_f3bd33a
2ed3d6b7.jpg,w_be4d5b8
c60d8a03.jpg,w_a3cd405
89fe29d7.jpg,w_e09e886
7287abd0.jpg,w_a5a13d0
5040bd5b.jpg,w_8f1aa27
21f7175e.jpg,w_b4ad62f
a643d3d0.jpg,w_5b45503
1a9ad6ec.jpg,w_733fe81
05651187.jpg,w_3aa2073
25cc33d1.jpg,w_511c464
a098f918.jpg,w_91572bb
1169a454.jpg,w_1a5beb9
fd35f470.jpg,w_15f29b7
aa5a7140.jpg,w_462a117
b0847702.jpg,w_6734e40
db1b15c8.jpg,w_4c25641
0cac8109.jpg,w_cece268
bd5a6dca.jpg,w_296749b
43301acf.jpg,w_5be8e63
bab20d32.jpg,w_e6f5e09
38ff2803.jpg,w_0c70bc3
224fceee.jpg,w_ecb9a79
a3bd4ba5.jpg,w_8376b7e
5705158b.jpg,w_8158b1f
5b9ea96b.jpg,w_1911cbb
8f7cd21d.jpg,w_b33e728
52d3e004.jpg,w_2b443f8
d844d316.jpg,w_ba17206
91bd33e0.jpg,w_b47a4a1
2b624b95.jpg,w_d6df554
dfff9871.jpg,w_cece268
2ce7ca95.jpg,w_ffa7427
0375c878.jpg,w_9ae554b
d5f7ec0e.jpg,w_4378542
0d4e8a7e.jpg,w_9989964
6acf537d.jpg,w_61d516e
5927205e.jpg,w_4f248f3
481d0d1d.jpg,w_e3c1ec4
59ad3215.jpg,w_c133ea8
f7ca8b4b.jpg,w_6b03eb4
e35c1b7b.jpg,w_824f286
7b0251fb.jpg,w_3f5e7fc
dec35330.jpg,w_f5eb6c6
6cd590e2.jpg,w_2832e90
19554520.jpg,w_e156c87
3ef0def2.jpg,w_edf5f77
058147c9.jpg,w_222dcb7
4f133205.jpg,w_a91b997
9c25071a.jpg,w_54c00ad
a3aceb4d.jpg,w_b0aed4a
34f59372.jpg,w_89e451c
6088adf2.jpg,w_48dd419
e2b531f8.jpg,w_c133ea8
8fcd2b14.jpg,w_33b9360
35e74fb4.jpg,w_01b2250
087495e6.jpg,w_ff70408
c1e7677c.jpg,w_7ba4b5a
5b8884bd.jpg,w_63d10a1
f836e18d.jpg,w_6d05f7f
09a3fd95.jpg,w_57c14db
0b255c73.jpg,w_48bcad8
9418dd8e.jpg,w_e158680
9b7694f8.jpg,w_2ac83b0
fdcc3b84.jpg,w_91572bb
f430ebda.jpg,w_9b6b87d
650bde24.jpg,w_0f84bf6
0e4e6449.jpg,w_63d10a1
c661e800.jpg,w_414a0d7
7e54d725.jpg,w_b41e229
fa0bbdb8.jpg,w_daeb296
e2308a23.jpg,w_5f7c402
6b7d9349.jpg,w_ff70408
5f426af5.jpg,w_817f022
aa28f07b.jpg,w_dd52cfc
a14c037c.jpg,w_073b15e
0b673ec4.jpg,w_70715c1
e6fb13ed.jpg,w_eb39613
4bc9458e.jpg,w_4c8e7ae
abcf9835.jpg,w_e6f5e09
a774a076.jpg,w_dd52cfc
93c1b468.jpg,w_4b47559
608536fd.jpg,w_773509f
84da76f5.jpg,w_3fcb80e
78658413.jpg,w_b329c00
84addbe0.jpg,w_3b5403b
1d7454da.jpg,w_e1431ba
686577b3.jpg,w_372ae75
3e00d878.jpg,w_817f022
41246fbe.jpg,w_edf5f77
30bad58d.jpg,w_60cc444
432f627b.jpg,w_83714b7
6a3fac3f.jpg,w_50db782
323aa1f6.jpg,w_96c141f
fb757062.jpg,w_fb94a5a
80e8b045.jpg,w_2a9727c
6c54a646.jpg,w_3d8c865
4cd7489b.jpg,w_2832e90
df84106d.jpg,w_b329c00
d01205cf.jpg,w_33e89be
7c9c2d28.jpg,w_2fd73d9
5660bdff.jpg,w_f014da3
971622fa.jpg,w_ecb9a79
a9077b03.jpg,w_54fc5b3
3c3edb4d.jpg,w_dbaa2b1
4af0f2d1.jpg,w_5ad2030
09239cbc.jpg,w_bf4880a
05d10f3f.jpg,w_41fa033
50b4bbc4.jpg,w_3d4900b
453d6b62.jpg,w_7ba4b5a
dd3bb334.jpg,w_8643ba3
a4d83f8d.jpg,w_37223f9
89dd3816.jpg,w_b5e3076
25d4f7df.jpg,w_eea20c4
1451c226.jpg,w_099ab25
d5e1a24e.jpg,w_eb8429c
dfc36b72.jpg,w_15f29b7
a97eb00c.jpg,w_3a78626
28abc90f.jpg,w_0819271
1fbf0d71.jpg,w_613723e
22050a7d.jpg,w_ecb9a79
d3a4338c.jpg,w_7e93962
f1eee252.jpg,w_57c14db
cdb01700.jpg,w_cb7d1b5
0ef0f16e.jpg,w_d6e437d
01d890d8.jpg,w_4fdaa2a
e79c7941.jpg,w_7b770ec
62c8b6cc.jpg,w_6092d5c
f851e7f1.jpg,w_2b443f8
22fae40e.jpg,w_e3c1ec4
aa753898.jpg,w_4c8e7ae
f95b1f9d.jpg,w_4a7080a
1e5df861.jpg,w_6d05f7f
f75f89fc.jpg,w_056be75
8d4b7dc2.jpg,w_0c70bc3
3cc17792.jpg,w_87e00c8
9d4c93e4.jpg,w_2ac83b0
48d8fde3.jpg,w_9d0e84a
1afff181.jpg,w_33b9360
41a4f2e7.jpg,w_3e1ba5b
13d7baad.jpg,w_90f5d3b
8be6178d.jpg,w_b5e3076
c6073a20.jpg,w_3a78626
2029e9b6.jpg,w_deb33de
50447cf3.jpg,w_de3cab3
0cf7c91e.jpg,w_6f580eb
6a9e02f1.jpg,w_7419e4b
16812a1e.jpg,w_8201aa8
b8fa6de9.jpg,w_01b2250
00d3d48c.jpg,w_222dcb7
39b2ddce.jpg,w_99ad599
8614be4c.jpg,w_2482b4a
f4931f24.jpg,w_c95a0ea
866c79a5.jpg,w_3449e4f
81003525.jpg,w_c0cfd5b
a15a4cf7.jpg,w_5c6215c
bd155630.jpg,w_490c8a0
768e56cd.jpg,w_f3db3f1
0267139c.jpg,w_e156c87
a23c0ca1.jpg,w_37223f9
70b36d09.jpg,w_be4d5b8
3f3a472d.jpg,w_a1350a7
88e36703.jpg,w_02c9470
08b9dae5.jpg,w_90f5d3b
5fcdc987.jpg,w_e3caa40
605101b2.jpg,w_4a7080a
b90b795e.jpg,w_4b04829
35ad75fa.jpg,w_db3621e
3280c440.jpg,w_ca5f17f
9af26ab8.jpg,w_741861e
0528bc43.jpg,w_8464638
dfb1e79d.jpg,w_de3cab3
c90d353f.jpg,w_6710cf8
b4a16c65.jpg,w_0ebd514
ba6643c2.jpg,w_ffa7427
239c83c2.jpg,w_54c00ad
4cf71d54.jpg,w_a01d903
2406902f.jpg,w_deb33de
019cd867.jpg,w_0ead9d7
be223239.jpg,w_69185bb
fce89b48.jpg,w_41da937
afde58cd.jpg,w_a646643
114903fe.jpg,w_511c464
4bbb1c1e.jpg,w_ffa7427
f784d143.jpg,w_41fa033
4c6a0c6f.jpg,w_a8ec52f
f4d2a52b.jpg,w_272259b
c7031fad.jpg,w_ee948c6
deb2a0ca.jpg,w_dd90e0a
05293254.jpg,w_d6e437d
3123816b.jpg,w_ddf14ae
94c01a44.jpg,w_099ab25
1bb8b9a9.jpg,w_83714b7
9c12d10f.jpg,w_f5eb6c6
8be6c704.jpg,w_741861e
ac3417fc.jpg,w_d0b237f
27e735fc.jpg,w_490c8a0
2ddb75e6.jpg,w_6fcceaf
a7db722d.jpg,w_7dee51b
8af9064c.jpg,w_cbedcb0
03e8e963.jpg,w_eb8429c
aef8c377.jpg,w_5e57e8b
5a34ae6c.jpg,w_90f5d3b
2a74b180.jpg,w_eb39613
be5d2ac7.jpg,w_5e57e8b
3f17b088.jpg,w_34c4927
6cde852f.jpg,w_3621c49
0a341eef.jpg,w_613723e
34453b91.jpg,w_8f1aa27
bc3ab818.jpg,w_d6e437d
048578f5.jpg,w_4fdaa2a
4dde2faa.jpg,w_a494171
fe7ee58c.jpg,w_f64658b
b311453c.jpg,w_33e89be
db47d4c9.jpg,w_9caed77
db45be46.jpg,w_cb7d1b5
46a25c2b.jpg,w_662a132
02d235f7.jpg,w_511c464
b8af8b61.jpg,w_4f248f3
848e03b8.jpg,w_42dd100
3a76961c.jpg,w_4c25641
ca553d22.jpg,w_5817e08
eefa83ad.jpg,w_c0f3e88
27178401.jpg,w_e685c80
c0b7f3ab.jpg,w_f21f2ec
8da19c94.jpg,w_e4d3ec3
8ccd0981.jpg,w_1d05772
c37bd3e2.jpg,w_bf8c3d2
95ae6f54.jpg,w_c0cfd5b
5d6effb4.jpg,w_f7a0fd7
879f83f7.jpg,w_e69cef0
28e72c6b.jpg,w_e3caa40
61082626.jpg,w_307065e
66e24bcb.jpg,w_daeb296
c3f9e536.jpg,w_da6d50b
a7283dea.jpg,w_70daaba
6f3e87d1.jpg,w_056be75
3d3c511b.jpg,w_0d049cf
67264464.jpg,w_1a5beb9
b0101b31.jpg,w_5b45503
8af280a5.jpg,w_86b3f04
040d8913.jpg,w_44f66a7
05d402e7.jpg,w_b2d937a
50576f5f.jpg,w_d9fdd15
c18fe9c6.jpg,w_8861715
49a3766f.jpg,w_74e15fc
f7d642a6.jpg,w_d0b237f
f00e601f.jpg,w_20c671c
5617cfdc.jpg,w_a3cd405
483f0c58.jpg,w_5be8e63
f255449f.jpg,w_8c605d2
90f83487.jpg,w_9989964
adcf77fc.jpg,w_70715c1
ef859265.jpg,w_cb7d1b5
39f1f7f5.jpg,w_7285eb3
9d4cc5a8.jpg,w_9434f0c
b5662e04.jpg,w_e3caa40
9745b323.jpg,w_d6df554
ed79504d.jpg,w_5ad2030
2e95a8d2.jpg,w_74e15fc
cc26e7ed.jpg,w_8376b7e
f858046d.jpg,w_ab6bb0a
5071f674.jpg,w_8201aa8
e627702b.jpg,w_85f9040
0fc49194.jpg,w_515838e
285a9e26.jpg,w_dbaa2b1
7d9e8d9e.jpg,w_f5eb6c6
2016301c.jpg,w_54fc5b3
08593f8e.jpg,w_a965f14
6463bb30.jpg,w_3aa2073
ab4819c6.jpg,w_e4d3ec3
232b7d7f.jpg,w_b7a832a
5a900d7d.jpg,w_70715c1
8dce2608.jpg,w_20c671c
211e0b2d.jpg,w_733fe81
84aa8a57.jpg,w_4b47559
7bed2640.jpg,w_60cc444
6c5b7a1a.jpg,w_680e011
2f7a9164.jpg,w_824f286
24bf56bb.jpg,w_6e47e0e
68383087.jpg,w_99ad599
b274a606.jpg,w_b4ad62f
714c00fa.jpg,w_2e4fecc
612b8389.jpg,w_bbc2a14
5d1a0b03.jpg,w_3fcb80e
bd91e244.jpg,w_22bcbd6
669d5af7.jpg,w_fce6ab2
6a621e0a.jpg,w_e4f1fcc
f7f92380.jpg,w_b2d937a
3be73377.jpg,w_3f5e7fc
8ebf4b59.jpg,w_89e451c
48db6b1c.jpg,w_5f7c402
2274f7f8.jpg,w_37dd956
4fd11970.jpg,w_c95a0ea
265f2af8.jpg,w_e8a8d85
8bef9b79.jpg,w_92d55a6
9aba381a.jpg,w_662a132
d2f78dc1.jpg,w_b2d937a
13a03992.jpg,w_b0aed4a
cecfdcca.jpg,w_74de378
a842b280.jpg,w_f3bd33a
656c315b.jpg,w_6d05f7f
214851a2.jpg,w_ddf14ae
70b613f0.jpg,w_a533837
9e8c15e1.jpg,w_87e8446
cb618c38.jpg,w_cece268
cb587aa7.jpg,w_f843a8d
c901e29a.jpg,w_85f9040
d1db781b.jpg,w_676ddb0
1494650f.jpg,w_3d8c865
d85ce84f.jpg,w_b6c4efa
2f28fb00.jpg,w_dd90e0a
b4280e92.jpg,w_17136dc
dfee01f1.jpg,w_d224115
b886f854.jpg,w_f843a8d
99c8948b.jpg,w_f7a0fd7
7cb29dfc.jpg,w_c95a0ea
2a63001b.jpg,w_affdf5d
6bdb643e.jpg,w_0c70bc3
76d6df54.jpg,w_d224115
651b8efe.jpg,w_e09e886
d11b57b4.jpg,w_372ae75
2ab8c42d.jpg,w_d037229
28951da3.jpg,w_361e290
69155bfe.jpg,w_697c72e
70e0fd62.jpg,w_0ebd514
57c4ee26.jpg,w_79d4855
d5a7ce73.jpg,w_bf8c3d2
0f83217e.jpg,w_42c631a
acc99c20.jpg,w_e4f1fcc
a67e4eb7.jpg,w_7285eb3
162cf9a4.jpg,w_9c3db0a
ef00fd9a.jpg,w_86b3f04
a02ee0c9.jpg,w_a8ec52f
88532e70.jpg,w_b7a832a
c67f854d.jpg,w_ebe0ad5
3c5b1de1.jpg,w_7c44934
ad9f908f.jpg,w_302af0a
1cae665b.jpg,w_ebe0ad5
00acb5a9.jpg,w_c0cfd5b
fe1ad607.jpg,w_dbaa2b1
61e2f950.jpg,w_6dbb861
f40da9fb.jpg,w_676ddb0
e11e2d13.jpg,w_6dbb861
c8727322.jpg,w_0f84bf6
1b37d75e.jpg,w_c0f3e88
cba2812e.jpg,w_697c72e
b9ecb466.jpg,w_38b1edd
f5657c2b.jpg,w_c6be61e
d56b6f59.jpg,w_a3cd405
c551386c.jpg,w_17136dc
462ec9af.jpg,w_218b25e
878dd733.jpg,w_5be8e63
10350c3e.jpg,w_2e4fecc
a4be8f53.jpg,w_7c44934
10a4fc3c.jpg,w_7419e4b
cf29d6c2.jpg,w_3f5e7fc
9e81a246.jpg,w_c133ea8
5d7d11a0.jpg,w_e964ae8
3e45980c.jpg,w_f3db3f1
bd620daa.jpg,w_7875b79
165bede4.jpg,w_6710cf8
6394ba2b.jpg,w_402784d
d56a0e74.jpg,w_759b647
db0c6f42.jpg,w_697c72e
dcc16177.jpg,w_f3bd33a
0edaba42.jpg,w_e685c80
108a71d9.jpg,w_e4f1fcc
e96671d9.jpg,w_d037229
183ea97f.jpg,w_a1350a7
f8f71d01.jpg,w_74de378
ba6d73c8.jpg,w_76d2cce
dd075807.jpg,w_ddf14ae
4f9b5c45.jpg,w_da6d50b
e89acc6f.jpg,w_70a31ce
94d1deed.jpg,w_8643ba3
bd13080e.jpg,w_19a5685
1fe58f01.jpg,w_48bcad8
d81c1118.jpg,w_e1431ba
7db5e76b.jpg,w_87e00c8
589a4086.jpg,w_4f248f3
31d37c35.jpg,w_59349ea
4db1eae2.jpg,w_ca5f17f
742d1dcd.jpg,w_1911cbb
42b7c6a0.jpg,w_361e290
b05cac1c.jpg,w_1d05772
37544081.jpg,w_d6df554
edbf320f.jpg,w_e685c80
b8b2f0e4.jpg,w_361e290
939e6b16.jpg,w_d9fdd15
dbc0bd88.jpg,w_8b22583
91b2b0a0.jpg,w_bf4880a
714484c4.jpg,w_402784d
4d07cf4c.jpg,w_7ba4b5a
e60ccc6a.jpg,w_8861715
27372869.jpg,w_15f29b7
0b101019.jpg,w_a533837
762354c7.jpg,w_7285eb3
2aeabe11.jpg,w_42dd100
2e4d9c6a.jpg,w_8507226
aefa9ca7.jpg,w_44f66a7
d2e08243.jpg,w_02c9470
ac0faa1a.jpg,w_57c14db
9cf24fb5.jpg,w_5817e08
b1194975.jpg,w_8b15b96
59df0bc1.jpg,w_42c631a
79f9e717.jpg,w_5b45503
1da83e61.jpg,w_0f84bf6
ea285c70.jpg,w_69185bb
5eec5023.jpg,w_5e57e8b
1ba8fdf7.jpg,w_302af0a
a9f18f52.jpg,w_7419e4b
59ecd346.jpg,w_2a04ceb
db825cbb.jpg,w_79d4855
3ef56efd.jpg,w_5ae47d9
2091af92.jpg,w_37dd956
696c2cfe.jpg,w_e964ae8
859f8f96.jpg,w_2482b4a
554079ec.jpg,w_230a0de
a48c79e0.jpg,w_9205d40
8c0a59df.jpg,w_92585eb
d0bcb933.jpg,w_e5250e9
d26b82d3.jpg,w_e8a8d85
dcd0cfa6.jpg,w_42dd100
128410e1.jpg,w_76d2cce
cd181d51.jpg,w_09d7946
9c31b139.jpg,w_5ae47d9
733f7be5.jpg,w_e548eb7
851543cc.jpg,w_78999a6
aab954a0.jpg,w_8b22583
45e9a0d9.jpg,w_64830fa
bdaeba7c.jpg,w_e449d3a
096f4caa.jpg,w_2b443f8
b36e4765.jpg,w_b7a832a
82a304e0.jpg,w_6734e40
a4d264ea.jpg,w_bf8c3d2
99b69b1d.jpg,w_e8a8d85
2f2a3421.jpg,w_491607b
f4afdaf9.jpg,w_8a31e6c
944ba275.jpg,w_5ad2030
84280100.jpg,w_7b770ec
43320cd4.jpg,w_eea20c4
bc38eaaa.jpg,w_0d049cf
61e71e1d.jpg,w_a8ec52f
5e76a350.jpg,w_41da937
08f30112.jpg,w_92d55a6
44e50471.jpg,w_851a7f4
30dc0c00.jpg,w_8b15b96
523539d0.jpg,w_87e00c8
3db3a623.jpg,w_4b47559
004c5fb9.jpg,w_ab6bb0a
75640cec.jpg,w_9c3db0a
d200f288.jpg,w_70a31ce
2c70f875.jpg,w_b34793e
f376d409.jpg,w_1272a31
bb598c2b.jpg,w_7875b79
d4dd3d8e.jpg,w_92d55a6
3a2ada12.jpg,w_1a5beb9
5233abbc.jpg,w_a5a13d0
15033ddb.jpg,w_490c8a0
2d37fbf4.jpg,w_9434f0c
a32c8eef.jpg,w_92585eb
19e323da.jpg,w_74de378
0a81a170.jpg,w_17136dc
a54e4062.jpg,w_01b2250
692a3e82.jpg,w_64830fa
9f773b40.jpg,w_0819271
a820bb48.jpg,w_da6d50b
b76a4ab9.jpg,w_272259b
48f327b2.jpg,w_9caed77
9bee3abd.jpg,w_f208155
83d50b85.jpg,w_91572bb
0a552569.jpg,w_462a117
0c7e35b0.jpg,w_96c141f
b0adaba8.jpg,w_77e1ae3
1131b6fc.jpg,w_491607b
c47fbfee.jpg,w_59349ea
7dcfd458.jpg,w_c128384
30091793.jpg,w_deb33de
187afa39.jpg,w_e62b5d8
8b31d1e6.jpg,w_ba17206
46803722.jpg,w_613723e
66c598a7.jpg,w_f3db3f1
11322cb2.jpg,w_6092d5c
0dc4a773.jpg,w_5c6215c
accb1a0e.jpg,w_78999a6
203254f4.jpg,w_741861e
548ccf1c.jpg,w_d0b237f
50714eb5.jpg,w_515838e
e49cb76c.jpg,w_38b1edd
04c5ec77.jpg,w_f546b0a
5684d809.jpg,w_6f580eb
16ff8707.jpg,w_daeb296
bb1d6328.jpg,w_dd90e0a
8a365795.jpg,w_e1431ba
cb3c50f4.jpg,w_61d516e
c5d9f73e.jpg,w_34c4927
4fe618ec.jpg,w_79d4855
ffc6986f.jpg,w_fce6ab2
18b761b2.jpg,w_8158b1f
